Codes,New Code,Borough,Names,Population,Population (Aged 0-15),Population (Aged 16-64),Mean Household income (extrapolated),Employment rate (16-64),% No qualifications,% Highest level of qualification: Level 1 qualifications,% Highest level of qualification: Level 2 qualifications,% Highest level of qualification: Apprenticeship,% Highest level of qualification: Level 3 qualifications,% Highest level of qualification: Level 4 qualifications and above,% Highest level of qualification: Other qualifications,Housing Benefit rates,Children in Poverty,Population density,Ethnicity White,EthnicityMixed,EthnicityAsian or Asian British,EthnicityBlack or Black British,EthnicityOther,Median House Price,Total crime rate
00AA,E09000001,City of London,City of London,7412,613,5748,96122,79.6,6.7,4.3,6.6,0.7,7.2,68.4,6.2,6.5,13.9,2312.5,5799,289,940,193,154,465000,612
00ABFX,E05000026,Barking and Dagenham,Abbey,13002,3189,9165,37542,60.3,16.4,11.3,11.5,1.1,8.5,34.5,16.7,15.2,34.5,9884.6,3596,585,5619,2621,365,177000,182.6
00ABFY,E05000027,Barking and Dagenham,Alibon,10462,2760,6620,35964,63.1,31.2,16.3,15.7,1.8,9.3,16.7,8.9,19,35.7,7464.3,7275,362,743,1900,105,160000,91.4
00ABFZ,E05000028,Barking and Dagenham,Becontree,11598,2944,7565,36600,61.2,28,15,15.3,2,9.1,20.6,10,16.9,34.3,8923.1,6789,524,2009,2048,175,170000,98.8
00ABGA,E05000029,Barking and Dagenham,Chadwell Heath,10041,2462,6023,37574,63.6,29.1,15.9,14.9,2.2,10,19.5,8.3,14.8,35.6,2970.6,6224,473,1560,1593,171,195000,97.4
00ABGB,E05000030,Barking and Dagenham,Eastbrook,10518,2218,6755,41444,68.2,29.9,16,16.5,2.8,10,18.5,6.1,11.9,28.4,3014.3,7904,331,766,1451,54,191750,74.4
00ABGC,E05000031,Barking and Dagenham,Eastbury,11695,3129,7447,36438,61.5,28.9,15.7,13.9,1.9,8.9,20,10.7,17.8,33.4,8357.1,6776,545,1826,2270,207,167250,81.2
00ABGD,E05000032,Barking and Dagenham,Gascoigne,12590,3953,7881,32986,56.4,25.5,12.4,12.6,1.2,9.3,25.2,13.8,23.7,38.6,11409.1,4931,682,2574,3882,383,145000,122.2
00ABGE,E05000033,Barking and Dagenham,Goresbrook,11332,3003,7183,36744,63.6,30,15.8,16.1,2.1,8.3,18.8,8.9,18.5,33.6,8730.8,7517,467,829,2344,110,155000,83.6
00ABGF,E05000034,Barking and Dagenham,Heath,10820,2843,6628,34844,61.4,32.1,16.7,15.1,2.4,8.8,17.6,7.4,20.9,40.6,5425,7304,364,711,2324,83,155000,102.9
00ABGG,E05000035,Barking and Dagenham,Longbridge,11567,2641,7588,45268,65.2,22.7,13.7,14.1,2.5,11,25,11.1,6.5,19.4,7218.8,4890,460,4797,1092,239,250000,78.8
00ABGH,E05000036,Barking and Dagenham,Mayesbrook,10385,2807,6462,35048,61.9,32.1,16.5,15.7,2.6,8.5,16.2,8.5,18.9,36,5473.7,7112,422,881,1828,99,160000,80.2
00ABGJ,E05000037,Barking and Dagenham,Parsloes,9886,2598,6176,35368,61.5,31.8,16.2,16.9,2,9.4,16,7.7,17.8,35,8250,6797,398,794,1734,116,157000,76.4
00ABGK,E05000038,Barking and Dagenham,River,10975,2950,6913,37086,64.2,29.9,15.7,15.8,2,8.8,19.5,8.3,14.9,32.1,3055.6,6732,426,919,2657,189,153500,93.2
00ABGL,E05000039,Barking and Dagenham,Thames,10805,3270,6800,36148,60.5,24.1,15.2,14.6,2,9,24.4,10.8,19.3,37.1,1367.1,4840,511,1536,3631,210,167500,130.5
00ABGM,E05000040,Barking and Dagenham,Valence,9891,2538,6162,36706,63.1,32.1,15.9,14.8,2,9.1,17.8,8.3,18.8,33.2,7653.8,6754,436,1178,1386,113,184000,81.9
00ABGN,E05000041,Barking and Dagenham,Village,10848,2716,6917,35506,61.7,30.3,16,16.3,2.8,8.8,17.9,7.9,20.4,37.9,5166.7,7028,452,709,2473,125,156000,99.9
00ABGP,E05000042,Barking and Dagenham,Whalebone,10614,2503,6881,41278,67.5,24,15.2,16,2.4,10.9,22.4,9.1,10.7,27.5,6656.3,5917,440,2143,1906,169,189000,86.5
00ACFX,E05000043,Barnet,Brunswick Park,16395,3364,10652,51920,71.4,17.4,11.5,14.4,2.1,11.7,34.4,8.4,6.6,17.8,5140.6,11212,855,2807,814,706,343000,55.6
00ACFY,E05000044,Barnet,Burnt Oak,18270,4472,12103,37762,63.7,23.6,13,13.1,1.5,9.4,24.7,14.7,19.2,32.8,8690.5,8472,1007,4687,3178,873,230000,63.9
00ACFZ,E05000045,Barnet,Childs Hill,20162,3871,13794,50838,67.9,13.7,8,9.4,0.8,9.8,43.7,14.6,11.7,23.7,6483.9,12242,1051,3420,1628,1708,387493,99.6
00ACGA,E05000046,Barnet,Colindale,17215,3815,11948,38772,61.9,18,11.3,12.8,1.3,10.3,30.8,15.5,16.4,34.5,6596.2,6852,1066,4944,3280,956,242250,71.3
00ACGB,E05000047,Barnet,Coppetts,17325,3418,12120,49550,71.5,15,10.3,11.5,1.5,11.4,40.6,9.6,11,23.6,6407.4,11218,1085,2757,1459,731,290000,77.1
00ACGC,E05000048,Barnet,East Barnet,16164,3344,10581,51910,71.5,17.1,12.3,14.5,2.4,10.3,36.5,6.9,9.6,19.4,4263.2,12366,802,1705,824,440,305000,58.6
00ACGD,E05000049,Barnet,East Finchley,16053,3031,10915,53786,74.9,14.1,7.6,9.5,1.2,9.1,49.6,9,11.3,20.7,6420,11488,894,1886,1163,558,337500,65
00ACGE,E05000050,Barnet,Edgware,16775,3897,10546,50150,69,17,11.1,13.8,1.2,10.6,36,10.2,11.4,21.2,3000,10166,633,3651,1527,751,300000,90.6
00ACGF,E05000051,Barnet,Finchley Church End,15770,2961,10205,59808,72.6,12.3,7.5,10.6,0.8,9.6,48.6,10.6,6.2,11.1,5833.3,10506,665,2797,769,978,385000,50.8
00ACGG,E05000052,Barnet,Garden Suburb,15978,3266,10096,72668,73.1,8.2,5.3,9.9,0.6,9.3,57.3,9.3,4.6,7.7,3404.3,12513,571,1659,430,756,575000,78.5
00ACGH,E05000053,Barnet,Golders Green,18914,5150,11500,53450,66.7,16.4,9.1,11.9,0.6,10,37.4,14.5,11.7,18.5,6300,12382,729,2780,1275,1652,429250,75.8
00ACGJ,E05000054,Barnet,Hale,17497,4039,11115,50138,70.7,17.8,11.4,13.2,1.6,10.3,36.5,9.3,9.5,19.5,3240.7,10349,788,3760,1879,661,319975,54.3
00ACGK,E05000055,Barnet,Hendon,18601,3747,12639,50190,66.7,13.5,7.8,10.8,0.9,10.9,41.3,14.8,10.8,13.5,6607.1,11758,796,3256,1302,1360,325000,72.4
00ACGL,E05000056,Barnet,High Barnet,15323,2830,9947,58018,74.5,13.1,10,14,1.7,10.6,44.3,6.2,6.7,11.4,1849.4,12509,616,1348,481,353,330000,81.4
00ACGM,E05000057,Barnet,Mill Hill,18483,4187,11858,55118,70.5,14,10,12.9,1.6,10.5,41.6,9.4,9.2,20,1968.1,11781,972,3407,1524,767,370000,77.5
00ACGN,E05000058,Barnet,Oakleigh,15824,3042,10178,54600,73.4,14.7,10.5,13.9,1.7,11.1,40.7,7.5,7.6,17.9,4803,11596,699,2273,789,454,320000,59.2
00ACGP,E05000059,Barnet,Totteridge,15181,3063,9563,61626,71.6,13,8.1,12.1,1.2,9.8,47,8.9,5.7,12.9,1727.3,9967,596,3440,531,625,482475,48.7
00ACGQ,E05000060,Barnet,Underhill,15908,3261,10061,47840,68.3,21.6,12.7,14.2,2.3,10.2,31.8,7.3,12.3,26,3478.3,11568,799,1922,1195,431,297000,66.2
00ACGR,E05000061,Barnet,West Finchley,16576,2914,11588,55274,74.2,12.2,7.3,9.3,1.1,9.3,49.5,11.4,8.4,14.1,7545.5,10053,848,4157,702,773,292500,69
00ACGS,E05000062,Barnet,West Hendon,17499,3472,12047,45318,67.2,17.8,9.5,10.8,1,10.1,34.4,16.3,11.2,19.2,5132.4,8589,731,5572,1591,919,310000,108.1
00ACGT,E05000063,Barnet,Woodhouse,17625,3297,11936,49674,72,15.7,9.1,11.6,1.2,9.7,41.3,11.4,10.1,19,6788.5,10966,966,3690,1090,863,280000,89.1
00ADGA,E05000064,Bexley,Barnehurst,10442,1968,6558,44514,75.8,23.1,17.6,18,4.5,12,20.1,4.6,6.2,16.9,3603.4,9396,173,474,327,48,223500,41.6
00ADGB,E05000065,Bexley,Belvedere,11994,2687,7788,38818,70.4,23.7,16.3,17.3,3.3,10.9,21.9,6.4,11.5,27,3734.4,8514,389,1108,1721,158,168500,63.6
00ADGC,E05000066,Bexley,Blackfen and Lamorbey,10630,2078,6676,47776,77.3,22.4,19,18.8,4.5,12,19.3,4.1,3.1,9.6,6264.7,9839,172,386,179,40,235000,25.6
00ADGD,E05000067,Bexley,Blendon and Penhill,10924,2113,6839,47280,78.2,21.5,18.3,20,4.2,12.3,19.6,4,2.6,8.6,5214.3,9877,251,492,230,60,239000,35.3
00ADGE,E05000068,Bexley,Brampton,10547,1802,6503,47878,76.6,22.9,16.8,17.8,5.5,11.6,20.7,4.6,2.6,9.5,5300,9160,171,820,337,58,250000,31.1
00ADGF,E05000069,Bexley,Christchurch,10985,1987,6990,47096,77,21,15.6,18.2,3.9,11.5,24.9,4.9,4.5,13.5,4400,9501,226,822,343,73,232750,106.7
00ADGG,E05000070,Bexley,Colyers,11195,2494,7064,39790,70.2,25.1,18.7,17.7,3.8,11.1,18.1,5.5,12.9,26.5,6968.8,9161,262,494,1128,83,200000,42.8
00ADGH,E05000071,Bexley,Crayford,11274,2437,7174,40406,73.2,25.3,18.3,18.2,3.7,11.1,18.6,4.8,11.2,24.2,2812.5,9910,207,459,606,44,172650,58
00ADGJ,E05000072,Bexley,Cray Meadows,11243,2294,6957,41300,71.4,25.1,16.1,17.3,3.6,10.8,22.2,4.8,11.2,24.3,1562.5,9975,258,494,408,72,227000,44.5
00ADGK,E05000073,Bexley,Danson Park,10892,2014,6977,44982,75,23,16.6,18.2,4,11.5,21.6,5.1,6.1,17.5,4037,9107,252,938,465,102,220000,58.5
00ADGL,E05000074,Bexley,East Wickham,10891,2058,6865,42176,73.5,26.4,17.7,17.3,3.9,10.4,18.8,5.5,6.8,19.4,4954.5,9023,240,925,571,99,222500,43.7
00ADGM,E05000075,Bexley,Erith,12154,2875,7849,38460,67.6,23.6,15.2,17.1,2.9,10.9,22.6,7.7,13.4,29,2520.8,8271,401,1102,2165,114,159950,76
00ADGN,E05000076,Bexley,Falconwood and Welling,10823,2048,7054,45580,76.2,22.1,18.2,18.7,4.1,12.1,19.6,5.4,2.7,11.5,6382.4,9136,194,883,470,117,225000,44
00ADGP,E05000077,Bexley,Lesnes Abbey,11383,2376,7232,41234,69.7,23.8,15.3,17,3.7,10.8,22.5,6.9,9.5,22.4,4750,7834,282,1215,1888,127,218000,56.4
00ADGQ,E05000078,Bexley,Longlands,10429,1696,6486,48028,75.4,20.9,14.2,17,3.2,13.2,27.1,4.3,5.5,12.8,4038.5,9459,206,492,223,62,232748,39
00ADGR,E05000079,Bexley,North End,11655,3133,7280,34728,63.3,28.8,17.9,15.7,2.7,9.3,19.5,6.2,19.4,34.6,2035.1,8444,353,418,2258,93,160000,83.3
00ADGS,E05000080,Bexley,Northumberland Heath,10599,2170,6808,43272,73.6,23.3,18.8,17.7,4.6,12.3,17.8,5.5,6.2,18.3,5916.7,9058,224,758,512,46,225000,41.7
00ADGT,E05000081,Bexley,St. Mary's,10488,1890,6383,52062,77.3,18.9,15,18.6,3.7,12.9,27,3.9,2.9,7.4,2386.4,9615,184,516,123,53,280000,40.1
00ADGU,E05000082,Bexley,St. Michael's,11156,2447,7165,44964,75.9,21.8,19.4,18.7,4.2,11.9,19.1,5,4,13.1,7964.3,9214,206,1017,580,118,220000,28.9
00ADGW,E05000083,Bexley,Sidcup,10845,1692,6977,48544,74,19.1,14.3,17.4,3.3,14.3,27.2,4.4,4.4,11,4037,9745,222,588,232,57,245500,51.8
00ADGX,E05000084,Bexley,Thamesmead East,12225,3325,8059,37200,62.6,20.8,14.7,15.5,1.9,10,28.2,8.9,17.8,29.8,2531.3,5723,522,842,4858,149,120000,61.2
00AEGJ,E05000085,Brent,Alperton,14085,2690,10058,37478,67.4,22.1,11.2,10.6,1,8,26.2,20.8,9.9,16.5,6690.5,2557,419,9062,1588,391,240000,97.2
00AEGK,E05000086,Brent,Barnhill,15806,3281,10587,41548,64.2,18.1,9.9,11.1,1.3,9.7,34.7,15,14.5,27.1,5283.3,4778,738,5887,2916,1453,337500,77.1
00AEGL,E05000087,Brent,Brondesbury Park,13071,2210,9270,48400,71.8,15.9,7.3,9.2,1.1,9.3,45,12.3,14.7,24.1,7676.5,7323,846,2158,1516,1180,368250,87.4
00AEGM,E05000088,Brent,Dollis Hill,13442,3331,8580,37214,61.5,24.4,11.9,11.9,1.6,9.8,25.1,15.4,15.1,35.7,5847.8,4797,620,4109,2856,1043,300000,89.2
00AEGN,E05000089,Brent,Dudden Hill,15145,3095,10570,40210,65.9,19.8,9.9,10.8,1.7,9.5,31.7,16.6,16,34.3,8882.4,6646,772,3557,3037,1047,375000,104.3
00AEGP,E05000090,Brent,Fryent,13497,2807,9076,42590,66.5,20.3,10.8,11.4,1.6,10.6,29,16.3,10.2,20.2,5000,5018,557,5501,1464,905,288500,72.6
00AEGQ,E05000091,Brent,Harlesden,17180,4411,11402,32652,59.3,24.1,13.3,13.1,1.2,10,21.4,16.8,30.4,40.9,15636.4,5670,1243,2472,6860,917,223000,136.1
00AEGR,E05000092,Brent,Kensal Green,14975,2943,10679,41504,68.8,19.7,10.4,10.8,1.2,9.4,33.8,14.8,19.2,30.7,13590.9,7112,1103,2198,3769,733,332000,108.5
00AEGS,E05000093,Brent,Kenton,12113,2016,8026,51460,70.3,17.3,9,11.2,1.1,10,39.8,11.6,5,12.3,5282.6,3645,303,7024,620,541,382670,61.4
00AEGT,E05000094,Brent,Kilburn,17065,3183,12400,40932,68.9,17.1,9.3,9.9,1.2,9.6,39.9,13,22.8,36,18944.4,8489,1179,1936,4185,1200,340000,113.1
00AEGU,E05000095,Brent,Mapesbury,15637,2531,11801,44448,70.6,14.5,8.3,8.7,1.1,10.1,43.7,13.6,15.9,29,11107.1,8792,922,2775,1962,1078,330000,88.4
00AEGW,E05000096,Brent,Northwick Park,12834,2138,9005,49984,67.4,13.4,9,11.4,1.1,12.4,40.3,12.6,5.7,14.9,4759.3,4000,419,6533,1309,550,366000,71.1
00AEGX,E05000097,Brent,Preston,15529,3172,10425,43246,67,17.5,9.9,10.8,1.1,9.7,35.4,15.6,9.5,23.9,6479.2,4635,686,7097,2114,942,316000,76.8
00AEGY,E05000098,Brent,Queens Park,15338,2779,11214,52126,75.8,13.3,7.4,9.1,1,9.7,48.2,11.2,11.9,18.4,10233.3,9626,1037,1838,2021,759,460000,100.8
00AEGZ,E05000099,Brent,Queensbury,15182,3047,10292,42202,67.7,21.4,11.3,11.8,1.5,9,30.8,14.2,9.4,21.3,7600,4100,509,8193,1677,676,310000,88.4
00AEHA,E05000100,Brent,Stonebridge,16941,4728,10733,31232,54.2,25.9,15,13.5,1.3,11,20.5,12.7,29.4,44.4,4134.1,3973,1070,2868,7973,1019,204000,139.8
00AEHB,E05000101,Brent,Sudbury,15004,3111,10300,40120,67.4,18.1,10.8,10.5,1.1,9,32.3,18.2,11.6,20.6,7142.9,3396,562,8319,2082,591,250000,71.8
00AEHC,E05000102,Brent,Tokyngton,15176,2801,10683,39760,67.5,19.4,10.5,10.4,1.2,8.9,31.9,17.8,9.5,24.2,5410.7,3576,622,7044,3150,713,265000,120.7
00AEHD,E05000103,Brent,Welsh Harp,13773,2938,9269,37896,64.9,22.6,12.1,12.3,1.6,10.2,24.7,16.5,14.9,28,6000,5322,623,4340,2498,970,250000,80
00AEHE,E05000104,Brent,Wembley Central,14804,2696,10671,37176,65.6,20.7,10.7,10,0.9,8.7,29,20,9.9,22.8,9218.8,2055,443,9738,2036,455,250000,142
00AEHF,E05000105,Brent,Willesden Green,15648,3007,11447,37642,68.6,18.5,9.5,10,1.1,9.9,33.3,17.7,21.3,34.2,10433.3,7370,1102,3337,2999,779,250000,118.1
00AFGD,E05000106,Bromley,Bickley,15121,2897,9232,59606,76,14.5,10.7,15.2,1.9,11.5,40.7,5.5,4.4,8.4,3091.8,12909,421,1177,421,170,380000,45.1
00AFGE,E05000107,Bromley,Biggin Hill,9967,1887,6439,50670,79.2,18.3,17.7,18.9,4.5,13.7,23,3.9,3.2,14.1,1204.8,9540,146,134,86,45,246000,47.1
00AFGF,E05000108,Bromley,Bromley Common and Keston,15163,3150,9492,49832,73.2,20.5,14.9,16.9,3.5,11.2,28.3,4.9,8,17.8,1825.3,13180,513,694,616,110,293750,52.8
00AFGG,E05000109,Bromley,Bromley Town,16944,3289,11308,54030,78.6,13.1,11.5,14.9,1.8,12,41,5.7,7.5,12.4,4567.6,13709,746,1248,874,249,250000,153
00AFGH,E05000110,Bromley,Chelsfield and Pratts Bottom,14510,2788,9000,56028,77.3,16.4,13.5,17.1,3.1,12.5,33.2,4,2.8,6.9,1154.8,13096,270,785,265,91,294500,35.2
00AFGJ,E05000111,Bromley,Chislehurst,14848,2662,8977,58084,75.1,15.8,11.8,15.7,2.8,10.8,38,5.1,3.9,9.6,1432.7,13054,357,944,333,143,349995,72.5
00AFGK,E05000112,Bromley,Clock House,15664,3129,10712,51382,77.7,15.2,12.8,14.5,2.1,11.7,38.3,5.4,8.4,13.6,6782.6,12350,808,794,1502,106,250000,55.2
00AFGL,E05000113,Bromley,Copers Cope,15550,2073,10871,53682,79.5,12.1,10.8,13.6,1.6,11.6,45,5.4,6.8,18.8,4681.8,12709,623,971,878,211,247000,71.1
00AFGM,E05000114,Bromley,Cray Valley East,15548,3466,9594,39230,69.3,27.9,17.3,15.7,3.5,10.6,19.6,5.4,14,34.8,1165.4,13194,433,524,1204,90,200000,116.1
00AFGN,E05000115,Bromley,Cray Valley West,16837,3963,10365,38566,67.4,28.5,17.5,16.6,3.2,10.5,18.7,4.9,15.4,32.6,4320.5,14435,488,615,1123,108,200000,83.9
00AFGP,E05000116,Bromley,Crystal Palace,12432,2391,9084,41370,69.5,16.9,11.8,13.1,1.3,10.2,38.1,8.7,20.1,35.3,5347.8,7585,968,698,2825,179,195000,109.7
00AFGQ,E05000117,Bromley,Darwin,5114,940,3043,53212,75,21.9,14.1,17.4,4.4,11.1,26.9,4.2,3.4,12.2,177.6,4865,121,64,43,17,355000,58.6
00AFGR,E05000118,Bromley,Farnborough and Crofton,14641,2704,8550,55544,75.1,18.1,13.5,18.2,3,11.5,31,4.6,4.1,10.4,2100,13246,280,799,207,100,310000,39
00AFGS,E05000119,Bromley,Hayes and Coney Hall,15927,3170,9882,57066,76.3,15.7,14.3,18.5,3.1,12.5,31.8,4.1,2.4,7.1,1476.9,14593,392,507,309,105,333250,36.5
00AFGT,E05000120,Bromley,Kelsey and Eden Park,15919,3187,9921,55712,75.5,17.1,13.4,16.4,2.9,11.9,33.8,4.5,4.1,9.7,3067.3,13356,700,808,863,165,330000,78.6
00AFGU,E05000121,Bromley,Mottingham and Chislehurst North,10034,2263,6366,39214,67.9,26,17.3,15.3,3.1,10.3,22.1,5.8,17.8,33.4,4187.5,8150,376,509,875,77,185500,95.6
00AFGW,E05000122,Bromley,Orpington,15342,2944,9151,46730,72.8,22.3,14.8,16.4,3.4,11.1,27.1,4.9,7.4,23.1,3581.4,13376,412,728,687,108,250000,81.1
00AFGX,E05000123,Bromley,Penge and Cator,17445,3630,12116,43876,70.4,17,13.1,14.2,1.9,10.7,36.5,6.7,15.7,28.7,5800,11336,1151,1087,3482,270,250000,98.8
00AFGY,E05000124,Bromley,Petts Wood and Knoll,13654,2500,8272,61380,75.4,15.2,13,17.1,2.9,11.8,36,3.9,2.1,5.5,3186,12398,260,722,212,59,423000,38.2
00AFGZ,E05000125,Bromley,Plaistow and Sundridge,15171,2996,9924,48524,73.5,18.6,12.7,15.6,2.3,11.5,34.1,5.2,10.5,20,3800,12196,640,875,1204,207,250000,59.5
00AFHA,E05000126,Bromley,Shortlands,9834,1808,6062,60570,76.3,12.1,11.2,15.6,2.1,11.4,43.3,4.4,3.9,5.5,3940,8288,317,735,305,179,325000,26.5
00AFHB,E05000127,Bromley,West Wickham,14889,2917,9037,57994,76.8,15.2,13.9,18.6,3,13,32.5,3.8,2.6,5.1,3397.7,13305,475,649,372,83,370000,40.5
00AGGD,E05000128,Camden,Belsize,12689,2233,8911,81678,74.4,8.4,5,6.9,0.7,7.4,62.2,9.4,11.3,23.1,15875,9169,681,1663,774,415,650000,64.1
00AGGE,E05000129,Camden,Bloomsbury,10911,794,9017,60244,51.4,7.8,4.5,5.6,0.5,25,46.5,10.1,10.4,27,10800,6491,500,2712,731,458,365000,428.5
00AGGF,E05000130,Camden,Camden Town with Primrose Hill,12616,1949,9221,69424,69.4,11.7,6.7,8,0.8,10.4,53.9,8.4,15.7,33.4,10541.7,9278,665,1441,874,355,615000,416.1
00AGGG,E05000131,Camden,Cantelowes,11944,1936,8913,58304,64.3,13.9,7.5,8.3,0.8,14.1,48.1,7.3,18.3,35.5,14875,8119,714,1516,1258,318,413250,104.9
00AGGH,E05000132,Camden,Fortune Green,11758,1774,8834,71216,74.6,9.2,5.8,7.3,0.9,8.9,57.8,10,12.5,24.3,11750,8334,703,1355,798,550,455000,76.9
00AGGJ,E05000133,Camden,Frognal and Fitzjohns,11973,2155,8123,96332,69.8,6.1,3.9,7,0.5,10.4,61.4,10.8,4.8,9.4,7966.7,8894,730,1610,317,435,795000,65.4
00AGGK,E05000134,Camden,Gospel Oak,11222,2180,7659,59708,65.5,17.8,8.8,9,1.1,9.3,45.6,8.4,20.9,35.9,16071.4,7869,738,1324,944,389,415000,76.3
00AGGL,E05000135,Camden,Hampstead Town,11217,1970,7463,101544,76.6,6.1,3.8,6.6,0.5,7.3,68.3,7.4,6.4,7.4,4520,9019,625,1045,315,266,824900,110.5
00AGGM,E05000136,Camden,Haverstock,12326,2396,8547,53314,62.9,18.6,9.4,8.8,1.1,10.1,43.1,8.8,21.8,43.7,17642.9,7780,753,1894,1451,486,375750,115.4
00AGGN,E05000137,Camden,Highgate,10909,1925,7305,72790,70.4,12.6,6.8,9,0.9,9.1,55.8,5.8,14,25.5,3421.9,8745,691,624,606,289,487500,90
00AGGP,E05000138,Camden,Holborn and Covent Garden,12993,1680,10068,60062,61.9,12.9,7.3,7.9,1,14.2,46.2,10.5,18.3,36.6,10833.3,7839,746,2994,990,454,535000,452.6
00AGGQ,E05000139,Camden,Kentish Town,13410,2130,9996,61724,71.3,13.6,6.7,7.9,0.9,10,54.6,6.3,15.6,33.9,13400,9606,828,1473,1097,413,420000,123.4
00AGGR,E05000140,Camden,Kilburn,12015,2082,8566,51718,66.8,17.4,8.5,9.1,1.1,7.7,43.8,12.4,25,45.5,17214.3,7213,643,1633,1648,901,381000,130.1
00AGGS,E05000141,Camden,King's Cross,11854,1721,9272,49024,46.1,12.1,6.7,8.2,0.6,22.8,39.7,9.8,15.5,38.7,19583.3,6015,650,3467,1280,431,337500,162.2
00AGGT,E05000142,Camden,Regent's Park,13530,2145,10073,51074,54.4,17.5,8.5,8.2,0.9,19.2,36.1,9.5,18.2,35.3,10384.6,7536,625,3341,1360,666,375000,165.2
00AGGU,E05000143,Camden,St. Pancras and Somers Town,13794,2717,9762,45224,53,22.7,11.1,10.2,1.1,15.1,29.5,10.3,24,45.7,9857.1,7045,790,3403,1977,603,365000,111.2
00AGGW,E05000144,Camden,Swiss Cottage,12869,2121,9244,77638,72.3,9,5.1,6.1,0.7,6.9,60.4,11.7,10.1,26,9923.1,8719,547,2388,653,593,570000,84.3
00AGGX,E05000145,Camden,West Hampstead,12057,1522,9514,70432,76.2,9.5,5.7,6.6,1,7.7,60.6,8.8,13.5,31.1,13388.9,8384,693,1563,987,433,428975,89.1
00AHGE,E05000146,Croydon,Addiscombe,17001,3200,12142,45206,74.1,15.3,11.7,13.1,1.8,11.2,38,8.8,13,24.3,10593.8,9520,1342,2968,2749,304,210000,67.3
00AHGF,E05000147,Croydon,Ashburton,14765,3200,9600,45836,71.7,19.5,15.8,16.4,3.2,11.7,27.3,6.1,10.5,24,5481.5,9315,1010,1642,2554,200,272500,60.8
00AHGG,E05000148,Croydon,Bensham Manor,16300,3779,10923,39604,67.5,17.9,13.7,14.8,1.5,11.2,29.4,11.6,13.9,27.2,11607.1,4300,1132,4514,5902,353,191630,73.8
00AHGH,E05000149,Croydon,Broad Green,18805,4840,12632,36560,64.6,20.2,14.4,14.3,1.4,10.6,26.9,12.2,18.8,30.9,6925.9,5854,1369,6272,4651,506,180818,201.5
00AHGJ,E05000150,Croydon,Coulsdon East,12242,2343,7481,51206,73.9,18.2,14.9,17.2,3,11.9,30.3,4.4,6,15.3,1597.4,10354,571,636,589,94,295000,39.3
00AHGK,E05000151,Croydon,Coulsdon West,13455,2674,8709,56642,75.5,15.1,13.3,17.1,2.7,12.3,34.9,4.7,4.1,10.3,2700,10054,651,1834,768,142,305000,42.1
00AHGL,E05000152,Croydon,Croham,15889,2915,11062,50624,76.5,12,11.4,14.6,1.7,12,42.1,6.3,9,17.6,4528.6,10846,1006,2060,1622,256,215000,72.4
00AHGM,E05000153,Croydon,Fairfield,16728,2961,11831,46616,73.1,12.3,10.3,11,1.2,9.5,45.9,9.9,13.4,23.2,4381.6,8493,1008,4461,2204,403,207500,262.7
00AHGN,E05000154,Croydon,Fieldway,11516,3550,6802,31678,58.5,34.4,17.7,16.6,2.1,9.4,12.5,7.2,25,41.4,7666.7,7531,799,460,2576,113,162000,63.8
00AHGP,E05000155,Croydon,Heathfield,13233,2517,8593,47338,74.3,17.2,15.4,17.6,2.8,12.4,29.3,5.2,6.9,21.4,1523,9961,569,1290,1263,130,197000,83.2
00AHGQ,E05000156,Croydon,Kenley,15003,3133,9613,53262,75,14.6,13.1,16.6,2.4,12.2,36.1,4.9,6.6,14,2315.4,11492,756,1491,1044,183,274750,38.7
00AHGR,E05000157,Croydon,New Addington,10809,2771,6666,33908,64.4,34.8,18,15.4,3,10.1,12.8,5.9,18.6,35.8,4520.8,8239,504,389,1546,123,186500,85.3
00AHGS,E05000158,Croydon,Norbury,16557,3457,10869,43694,69.5,16.2,11.8,13,1.6,11.5,34.1,11.7,10,22.5,6620,6207,1110,4671,4105,383,242500,70.6
00AHGT,E05000159,Croydon,Purley,14653,2847,9594,53836,74.1,12.9,11,15.3,1.9,12,40.5,6.3,6.1,14.9,3488.1,9992,861,2285,1211,258,272000,81.2
00AHGU,E05000160,Croydon,Sanderstead,12783,2489,7917,57204,74.9,15.1,13.1,17.2,3.2,12.2,35,4.3,3.5,8.9,2039.7,10290,513,1264,587,123,310000,38.5
00AHGW,E05000161,Croydon,Selhurst,18174,4460,12148,36810,64.7,18.9,15.2,14.3,1.7,11.1,28.4,10.3,21.8,34.5,7891.3,6213,1602,3451,6388,433,165000,127.1
00AHGX,E05000162,Croydon,Selsdon and Ballards,11726,1870,7622,54926,76.4,15.2,14.7,17.5,3.5,12.5,32,4.7,2,9.1,1835.9,9409,335,1251,628,96,287500,40.4
00AHGY,E05000163,Croydon,Shirley,14301,2928,8979,46972,72.3,19.1,15.4,17.9,3.2,11.9,27.1,5.4,8,22.7,5125,9878,665,1598,1957,198,270000,39.1
00AHGZ,E05000164,Croydon,South Norwood,16568,3522,11403,40608,68.7,15.9,13.3,14.7,1.9,11.1,35,8.1,19.6,30.9,6916.7,7879,1440,1555,5395,249,180000,94.5
00AHHA,E05000165,Croydon,Thornton Heath,16605,4153,10937,39794,66.8,18.7,14.5,15.3,1.8,11.7,28.3,9.7,18.3,29.1,9764.7,5437,1405,2268,7089,340,195000,89.2
00AHHB,E05000166,Croydon,Upper Norwood,16168,3394,10973,44156,69.7,16.6,12.2,14.1,1.6,10.8,35.2,9.4,12.8,25.4,6211.5,7838,1206,2611,4069,358,245000,79.1
00AHHC,E05000167,Croydon,Waddon,17146,3822,11445,40912,69.9,19.1,13.9,14.4,1.7,11.6,30.1,9.1,15.2,29.1,4763.9,9465,1281,2607,3305,419,198000,82.3
00AHHD,E05000168,Croydon,West Thornton,17558,4395,11490,38232,64.6,17.9,15.4,14.5,1.5,10.8,27.3,12.6,16.2,28.8,8775,4116,1130,6467,5320,456,195000,114.1
00AHHE,E05000169,Croydon,Woodside,16830,4088,11420,40042,69,17.1,15.4,16.5,2,12.7,29,7.4,17.2,30.6,7636.4,7512,1630,1582,5734,285,191000,77.2
00AJGC,E05000170,Ealing,Acton Central,15496,3037,10971,45160,69.4,14.3,8.3,10.5,1.2,10.2,40.4,15.1,16.8,29.7,8583.3,9252,843,2303,1714,1315,331500,97.3
00AJGD,E05000171,Ealing,Cleveland,14560,3151,9669,51982,68.6,13.1,8.2,10.2,1.3,10.3,46.2,10.7,13.2,26.7,6636.4,9187,764,2126,1590,891,361500,54.3
00AJGE,E05000172,Ealing,Dormers Wells,13961,3135,9208,35942,61,23.5,12.3,11.6,1.2,9.6,24.4,17.4,14.4,28.7,6065.2,2493,443,8030,2200,744,241000,80.6
00AJGF,E05000173,Ealing,Ealing Broadway,14044,2070,10293,57880,75.1,7.3,5.1,8,0.9,9.7,57.7,11.3,8.4,14.3,7394.7,9749,727,2306,627,620,339000,163.6
00AJGG,E05000174,Ealing,Ealing Common,14067,2146,10333,54970,74.6,10.8,6.6,8.3,1.2,8.9,52.6,11.6,10.8,23.3,6690.5,9608,724,2130,919,638,342000,90
00AJGH,E05000175,Ealing,East Acton,18767,3607,13607,40512,68.3,15,8.9,9.3,1.7,9.6,38.3,17.1,14.1,37.5,4360.5,9339,1083,3224,2925,2135,278000,143.5
00AJGJ,E05000176,Ealing,Elthorne,14558,2882,10239,48228,73.1,15.1,9.3,10.6,1.4,10.2,40.6,12.8,14.3,24.3,7300,9465,756,2156,1542,620,336500,99.9
00AJGK,E05000177,Ealing,Greenford Broadway,17656,4140,11572,37432,66.4,21.9,12.5,11.9,1.9,9.8,25.8,16.3,15.1,30.4,7080,7527,884,5448,2641,1125,207500,104.9
00AJGL,E05000178,Ealing,Greenford Green,14422,3043,9671,43644,72.6,17.8,11.2,11.9,1.8,9.6,30.2,17.4,8.6,18.2,4235.3,7311,551,3994,1602,891,250000,79.7
00AJGM,E05000179,Ealing,Hanger Hill,15567,2959,10612,56598,71.9,9.2,6.2,8.4,1,8.6,50.8,15.8,6.4,15.5,4727.3,8856,708,3672,761,1564,370000,69.9
00AJGN,E05000180,Ealing,Hobbayne,14262,3223,9413,44630,70.6,18.2,10.1,12.3,1.8,10,33.3,14.3,13.9,23.2,6477.3,8865,834,2147,1669,714,285000,63.4
00AJGP,E05000181,Ealing,Lady Margaret,13949,2812,9606,39868,66.6,19.8,12.7,11.8,1.3,10.2,25.4,18.9,7.2,19.7,9300,2293,411,9142,1129,922,250000,61.8
00AJGQ,E05000182,Ealing,Northfield,13531,2558,9470,61864,78.6,8.7,6.8,8.8,1.4,9.5,54.8,10,5.1,8.5,9033.3,10383,631,1633,576,294,450000,48.6
00AJGR,E05000183,Ealing,North Greenford,14754,3002,10068,45008,72.3,16.9,11.5,11.5,2,10.1,30.1,17.9,6.9,17,4609.4,6415,511,5444,1668,675,270000,65.8
00AJGS,E05000184,Ealing,Northolt Mandeville,15206,3564,10021,39086,67.3,21.5,13.6,13.1,2.1,9.5,25.7,14.7,14.1,31.9,5428.6,7340,654,4103,2345,741,222500,89.4
00AJGT,E05000185,Ealing,Northolt West End,15137,3844,9815,35028,61.9,25.1,14.9,13.6,2,9.5,21.7,13.3,19.6,34.2,4328.6,6792,825,3707,2927,870,204000,109.1
00AJGU,E05000186,Ealing,Norwood Green,14063,2888,9681,35752,57.3,21.8,13,12.4,1.4,9.9,26.7,14.9,14.7,30.5,3697.4,3081,536,7394,2139,882,242500,118.4
00AJGW,E05000187,Ealing,Perivale,15378,3105,10566,44424,71.4,17.4,10.5,10.9,1.9,8.6,30.8,19.9,8.2,17.3,4529.4,6968,593,4972,1331,1475,262500,85.5
00AJGX,E05000188,Ealing,South Acton,14900,3049,10204,42324,68.1,16.2,8.7,9.3,1.2,10.1,39.4,15.1,19.1,34.1,8764.7,8404,752,2283,2393,1041,298500,106.1
00AJGY,E05000189,Ealing,Southall Broadway,13506,2871,9219,34414,59.1,23.8,13,10.5,0.8,9,21.9,21,11.8,23.1,8406.3,841,247,10844,977,530,230500,153.1
00AJGZ,E05000190,Ealing,Southall Green,14668,3270,10191,33572,59.7,23.6,12.5,10,1,9.2,21.6,21.9,11.8,30.4,9125,1257,307,10471,1725,819,212000,99.2
00AJHA,E05000191,Ealing,Southfield,13498,2369,9759,64492,77.6,9,5.7,7.8,1.1,9.6,57.8,8.9,8.4,13.8,9642.9,10678,611,1099,726,360,570000,72.1
00AJHB,E05000192,Ealing,Walpole,13364,2433,9512,58688,77.3,10.2,6.2,8.8,1.5,9.2,53.7,10.6,8.3,11.5,8900,9714,671,1811,734,400,419500,102
00AKGL,E05000193,Enfield,Bowes,14202,2459,10252,44052,71.9,16.7,9.9,11.3,1.4,10.1,36.3,14.4,11.5,27.2,9400,8632,776,2337,1494,812,250000,56.1
00AKGM,E05000194,Enfield,Bush Hill Park,13947,2514,9027,51250,73,20.4,12.1,14.2,2.5,11.4,32.6,6.9,5.8,18.4,5600,10193,614,1354,1251,511,306500,55.9
00AKGN,E05000195,Enfield,Chase,13804,3061,8920,43990,69.5,22.4,14.2,14.8,3.1,11.1,28.1,6.3,14.4,29.6,819.5,10545,651,882,1287,397,250000,53.2
00AKGP,E05000196,Enfield,Cockfosters,13813,2365,8821,53630,66.9,19,10.2,14.2,1.6,12.5,35,7.6,8,18.5,1331.7,10158,572,1871,688,499,385000,56.5
00AKGQ,E05000197,Enfield,Edmonton Green,18128,5088,11522,31902,53.8,30.5,14.7,13.7,1.3,9,19.5,11.2,28.9,44,5822.6,7078,1141,2304,6231,1195,186500,115
00AKGR,E05000198,Enfield,Enfield Highway,16128,4217,10235,35890,60.1,30.1,15.8,14.8,2.3,9.5,18.6,9,18.3,41.4,3500,9264,1036,1278,3496,953,218000,86.2
00AKGS,E05000199,Enfield,Enfield Lock,16591,4539,10678,36868,62,26.5,14.9,14.3,2.1,9.7,23.5,9,19.7,43.2,5015.2,9048,1072,1166,4335,848,195000,64
00AKGT,E05000200,Enfield,Grange,12729,2239,8082,57012,74.8,16.1,10.6,14.5,2.5,11.3,39.1,5.8,5.2,12.1,3878.8,10221,461,982,679,366,314000,69.9
00AKGU,E05000201,Enfield,Haselbury,16353,4155,10662,36038,59.3,27.2,14.5,14.2,1.5,9.9,21.4,11.3,18.8,40.2,9083.3,7428,968,2234,4416,1217,203500,68.6
00AKGW,E05000202,Enfield,Highlands,13016,2195,8388,53554,72.9,18.7,12.2,14.4,2.2,11.3,35.1,6.1,6.3,17.1,2558.8,10307,488,1192,634,385,285000,43.1
00AKGX,E05000203,Enfield,Jubilee,14414,3444,9250,37346,62.2,28.5,14.2,14.1,2,10.6,20.9,9.7,15.9,37.3,3705.1,7044,802,1694,3764,1051,214950,57
00AKGY,E05000204,Enfield,Lower Edmonton,16642,4581,10517,34378,57.9,28.5,14,14.9,1.4,10.2,20,10.9,22.5,42.3,7545.5,6800,1075,2045,5544,1067,201000,65.6
00AKGZ,E05000205,Enfield,Palmers Green,15242,2879,10341,46208,70.2,20.6,10.9,11.9,1.7,10.7,33.5,10.7,9.2,22.1,8026.3,9790,818,2036,1581,937,273000,75
00AKHA,E05000206,Enfield,Ponders End,15771,4080,10251,34844,58,26.9,14.5,14,1.6,11.1,21,10.9,21.1,42.3,4500,7114,892,2475,4190,993,207000,88
00AKHB,E05000207,Enfield,Southbury,14584,3648,9549,40340,65,24.6,14.1,14.1,1.9,11.2,25.4,8.8,17.7,37.2,5034.5,9257,916,1322,2337,674,218500,97.6
00AKHC,E05000208,Enfield,Southgate,14513,2722,9741,50998,71.1,16.1,9.9,12.1,1.6,10.8,41.2,8.4,8.2,20.8,5370.4,9885,812,2226,857,674,270000,55.4
00AKHD,E05000209,Enfield,Southgate Green,13811,2502,9195,52472,70.4,16.3,9.5,12.2,1.6,10.6,40,9.7,8.3,19.7,5326.9,9214,746,2221,1035,571,347000,66.1
00AKHE,E05000210,Enfield,Town,14910,2983,9697,51862,75.9,17.4,14.4,15.1,3.2,11.2,33,5.8,6.7,16.2,6818.2,12220,688,779,901,318,279000,55.2
00AKHF,E05000211,Enfield,Turkey Street,14444,3678,9095,35346,60.9,30.2,15.4,14.8,2.4,10.5,17.9,8.7,19.3,43.9,6282.6,8925,870,955,2970,657,220000,71.8
00AKHG,E05000212,Enfield,Upper Edmonton,17466,4535,11334,34678,58.4,28.3,13.7,13.3,1.4,9.1,21.5,12.6,19.7,40.1,6463,7305,1102,2399,5212,1356,200000,118.6
00AKHH,E05000213,Enfield,Winchmore Hill,13427,2480,8951,56902,75.1,15.4,9.6,12.3,1.8,10.4,42.9,7.5,6.4,12.2,4821.4,10212,683,1141,785,582,337475,54.3
00ALGP,E05000214,Greenwich,Abbey Wood,15757,4227,10022,38252,63.6,25.3,14.7,15,2.1,10.1,24.2,8.7,17.6,36,5833.3,8434,778,1416,4798,278,170250,76.3
00ALGQ,E05000215,Greenwich,Blackheath Westcombe,12914,2122,8847,61552,75.5,12.1,6.2,9.2,0.9,9,57.5,5,9.6,13.5,6166.7,10698,516,742,743,176,352475,76.1
00ALGR,E05000216,Greenwich,Charlton,14415,3140,9726,46056,67.7,20.8,10.7,11.6,1.6,9.9,37.2,8.1,15.5,29.2,7225,9179,791,1957,2231,227,250000,59.1
00ALGS,E05000217,Greenwich,Coldharbour and New Eltham,13070,2431,8445,46788,70.7,25.4,14.7,15.3,3.8,11.8,23.4,5.7,9.6,20.8,5240,10676,407,786,916,277,263000,58.2
00ALGT,E05000218,Greenwich,Eltham North,12515,2314,8104,52988,75.1,20,13.3,15.6,3.3,10.8,31.8,5.3,6.9,12.1,4826.9,11104,341,614,368,92,250000,60.2
00ALGU,E05000219,Greenwich,Eltham South,12567,2059,8529,45186,64.9,21.5,12.7,14.8,3.1,16.7,25.1,6.1,9.4,25.9,2739.1,10430,395,894,665,157,216500,92.3
00ALGW,E05000220,Greenwich,Eltham West,10385,2260,6851,41216,64,30.8,14.3,14.4,2.2,9.7,21.2,7.5,15.8,30.2,4354.2,7845,355,792,1193,214,225000,82.8
00ALGX,E05000221,Greenwich,Glyndon,18249,4183,12777,38400,62.5,21.4,13,13.1,1.6,10.5,28.6,11.8,17.2,34.4,10735.3,8176,983,3590,4985,437,175000,62.4
00ALGY,E05000222,Greenwich,Greenwich West,16667,2923,12464,52026,68.6,12.8,6.9,9.6,0.8,12.3,49.9,7.8,12.9,28.7,5928.6,11029,980,1808,2393,317,320000,123.1
00ALGZ,E05000223,Greenwich,Kidbrooke with Hornfair,14313,2893,9719,43324,67.3,23.7,12.1,13.3,2.2,10.1,30.8,7.7,13.6,28.8,5979.2,9490,702,1711,2119,278,227500,67.9
00ALHA,E05000224,Greenwich,Middle Park and Sutcliffe,13515,2963,8613,42832,65.6,25.5,13.1,13.7,2,9.6,29.6,6.5,15.8,31.3,4106.1,10260,567,943,1425,310,250000,70.6
00ALHB,E05000225,Greenwich,Peninsula,14142,2425,10539,51322,74.2,15,7.9,8.5,1.2,9.8,49.5,8.1,12.8,30.1,3133.3,9758,752,1996,1307,238,310000,167.4
00ALHC,E05000226,Greenwich,Plumstead,16816,3922,11442,39294,63.9,21.6,14.2,13.9,1.9,10.9,25.2,12.3,13.6,29.3,7000,7466,834,4209,3914,313,174500,84.9
00ALHD,E05000227,Greenwich,Shooters Hill,13455,2791,8978,47516,69.5,19.4,13.1,14.5,2.7,10.4,31.3,8.5,9.7,19.3,3552.6,8931,698,1352,2176,276,210000,50.1
00ALHE,E05000228,Greenwich,Thamesmead Moorings,19807,5671,13197,41810,62.9,18.7,13.5,14.1,1.4,9,32.4,10.9,17.2,32.2,4125,8360,1053,1539,8442,336,157000,84.9
00ALHF,E05000229,Greenwich,Woolwich Common,17684,4698,11957,36738,60.5,21.8,13.4,15.2,1.2,11.2,26.7,10.6,20.8,35.2,6750,7414,990,2940,5764,391,170000,95.7
00ALHG,E05000230,Greenwich,Woolwich Riverside,19212,4534,13486,40372,64.7,19.9,11.2,12.8,1.2,9.9,35.2,9.8,20.1,37.2,6000,9752,1132,2605,5216,415,215000,130.3
00AMGA,E05000231,Hackney,Brownswood,11177,1611,8872,47112,72,14.1,6.6,8.1,0.9,8.8,51.7,9.8,17.3,35.6,13937.5,6849,699,1155,1768,620,298000,90.1
00AMGB,E05000232,Hackney,Cazenove,13472,3817,8924,44580,64.8,23.5,10.6,10.2,0.8,9,35.6,10.2,22.3,25.3,19214.3,7594,657,1856,2361,924,292000,54.7
00AMGC,E05000233,Hackney,Chatham,13278,2900,9464,38202,63,21.1,9.9,11.3,1,8.7,37.6,10.2,25.7,41.6,14777.8,6032,1071,1395,4201,533,248500,126.7
00AMGD,E05000234,Hackney,Clissold,12255,2308,9133,54030,73.3,14.3,7.5,8.8,0.9,8.4,53.5,6.7,16.7,24.8,17500,7972,830,953,1924,533,345000,77.1
00AMGE,E05000235,Hackney,Dalston,14799,2432,11457,44734,70.4,15.9,7.9,8.7,0.8,9.1,48.6,9,21.2,38.4,16444.4,8177,907,1403,3505,735,315000,173.2
00AMGF,E05000236,Hackney,De Beauvoir,13708,2212,10540,45838,71.1,15.6,7.9,8.7,1,9.3,49.8,7.6,17.8,38.4,15222.2,8194,929,1201,2750,569,347500,94.3
00AMGG,E05000237,Hackney,Hackney Central,12618,2236,9403,41312,66.6,18.4,9.7,10.7,1.1,9.3,42,8.8,23.3,40,15750,5941,894,1418,3715,580,315000,127.5
00AMGH,E05000238,Hackney,Hackney Downs,13000,2461,9595,41832,65.1,19.3,8.8,10,1,9.8,42.2,9,22.7,35.3,13000,6239,937,1781,3345,619,275000,78.6
00AMGJ,E05000239,Hackney,Haggerston,13993,2228,10979,42162,67.4,16.1,7.6,9.7,0.7,9.4,45.8,10.6,19,45.3,11625,7569,878,1668,3073,716,362500,360.1
00AMGK,E05000240,Hackney,Hoxton,15270,2415,11902,40908,62.7,17.7,8.9,9.6,1,11.1,41.7,10,19.5,45.4,19000,8122,1044,1831,3303,874,302500,101.1
00AMGL,E05000241,Hackney,King's Park,11108,2820,7262,37542,57.6,24.6,11.2,12.6,1.2,9.9,30.6,10,27,41.4,6194.4,4215,749,1161,4436,537,332000,63.9
00AMGM,E05000242,Hackney,Leabridge,14099,2984,10135,41382,65.6,18.5,8.8,10,0.8,9.6,41.5,10.7,21.2,34.8,12818.2,6640,1030,2370,3407,592,249998,78.7
00AMGN,E05000243,Hackney,Lordship,12303,3359,7924,46878,64.6,24.2,8.2,9.8,0.9,8.3,40.4,8.1,22.9,26,10250,8536,591,772,1522,859,250000,62.2
00AMGP,E05000244,Hackney,New River,12574,3609,7992,41470,58.2,29,11.3,11.4,1,8,26.6,12.7,26.2,26.5,12600,7620,631,942,2154,1204,288500,75.5
00AMGQ,E05000245,Hackney,Queensbridge,13714,2404,10185,42862,67.7,18.8,7.8,10.4,1,9.2,44.6,8.2,21.8,39.5,12454.5,7553,823,1304,3393,597,325000,133.9
00AMGR,E05000246,Hackney,Springfield,12344,4045,7449,39268,53.8,31.7,12.8,12.2,0.9,7.8,21.9,12.6,29.4,29,12400,6821,649,987,2819,1102,237500,61.8
00AMGS,E05000247,Hackney,Stoke Newington Central,12477,1989,9616,50090,73.4,14.2,6.9,8.3,0.8,9,52.4,8.3,16.6,26.6,17857.1,7483,848,1391,2267,456,400000,103.6
00AMGT,E05000248,Hackney,Victoria,13260,2755,9520,43772,65.6,19.5,9.3,10.7,0.9,10.1,41.8,7.6,24.3,38.1,16625,7382,909,1255,3187,498,322750,107.6
00AMGU,E05000249,Hackney,Wick,11733,2604,8217,38576,60.4,22.8,10.8,11.5,1.3,10.4,34.4,9,25.9,45.6,7375,5678,793,1024,3728,511,267750,97.5
00ANGA,E05000250,Hammersmith and Fulham,Addison,11509,1702,8961,61010,76.2,9.3,6.1,7.2,1.1,8.5,57.4,10.5,13.3,23.7,19166.7,8299,598,884,1191,546,378250,121.5
00ANGB,E05000251,Hammersmith and Fulham,Askew,14162,2448,10595,52816,71.8,13.7,7.5,9.3,1.4,11.5,45.1,11.4,18.5,31.8,17687.5,8920,918,1279,2264,779,360000,73.1
00ANGC,E05000252,Hammersmith and Fulham,Avonmore and Brook Green,12252,1532,9465,60174,69.5,9.3,6,7.5,0.8,10.2,54.5,11.7,12.3,22.9,13555.6,7881,664,1666,904,1101,432500,83.9
00ANGD,E05000253,Hammersmith and Fulham,College Park and Old Oak,9126,1832,6498,41956,62.6,23,10.5,11.2,1.2,9.5,31.9,12.6,19.7,44.9,2691.2,4587,630,1196,1937,825,273500,140.4
00ANGE,E05000254,Hammersmith and Fulham,Fulham Broadway,11003,1490,8376,58278,72.4,14.8,6.9,8.2,1.4,10.6,47.7,10.4,15.2,29.8,15714.3,7704,555,1034,1138,565,499950,116.6
00ANGF,E05000255,Hammersmith and Fulham,Fulham Reach,11362,1426,8971,58266,71,11.7,6.2,7.2,1.2,13,51.6,9.2,10.3,27.7,12500,7856,530,1377,1039,504,450000,98.4
00ANGG,E05000256,Hammersmith and Fulham,Hammersmith Broadway,11938,1906,8818,54334,69.9,15,7.3,8.1,1.2,12.9,45.3,10.2,17.9,30.9,10818.2,7884,740,1056,1592,651,390000,244.9
00ANGH,E05000257,Hammersmith and Fulham,Munster,11005,1673,8406,71444,76.7,9.7,5,7.1,0.9,11.3,56.9,9.1,8.8,13.9,18333.3,8884,476,702,603,339,535000,75.2
00ANGJ,E05000258,Hammersmith and Fulham,North End,11609,1459,9373,54436,72.7,11.2,6.7,6.9,1,10.2,52.6,11.4,14.6,35.2,19333.3,7626,624,1316,1285,738,395000,100.3
00ANGK,E05000259,Hammersmith and Fulham,Palace Riverside,7445,1357,4978,76780,74.3,9.9,5.2,9.1,1.1,10.6,56.2,8,7.1,7.8,5000,6362,291,345,240,245,598750,88.7
00ANGL,E05000260,Hammersmith and Fulham,Parsons Green and Walham,10796,1959,7720,80988,73.7,9.5,5.5,8.4,0.8,10.2,56.4,9.1,8.7,13.6,12000,8892,488,587,460,386,1125000,129.7
00ANGM,E05000261,Hammersmith and Fulham,Ravenscourt Park,10753,1899,7639,63974,72.2,9.9,6.3,8.1,1,10.3,55.1,9.2,14.2,24.4,9000,7905,567,802,919,592,603225,125
00ANGN,E05000262,Hammersmith and Fulham,Sands End,12759,2293,9376,61710,69.3,12.8,8.6,9.2,1.2,11.3,47.6,9.3,14.8,32.4,9107.1,8855,758,1111,1441,595,512000,80.5
00ANGP,E05000263,Hammersmith and Fulham,Shepherd's Bush Green,12164,1811,9420,49810,72,13.9,7.5,8.6,1.5,10,46.5,12.1,19.8,33.7,11090.9,7294,769,1242,2157,713,322500,323.5
00ANGQ,E05000264,Hammersmith and Fulham,Town,11201,1875,8515,67686,76.4,9.4,5.6,6.8,1.1,9.5,57.9,9.8,10.7,23.7,16000,8656,532,670,901,442,468000,116.2
00ANGR,E05000265,Hammersmith and Fulham,Wormholt and White City,13361,2984,9164,43448,62.2,21.5,10.9,11,1.4,10.6,32,12.7,21.7,43.3,14888.9,6617,904,1368,3434,1066,375000,79.8
00APGA,E05000266,Haringey,Alexandra,11778,2542,8052,67378,76.7,8,6.6,9.9,0.8,9.8,58.5,6.3,6.1,10.7,4557.7,9381,780,678,652,304,497500,94.9
00APGB,E05000267,Haringey,Bounds Green,13780,2562,9947,43310,69,17.3,9.4,11.1,1,9.8,37.3,14,18.2,31.7,9821.4,8261,919,1555,2355,635,295000,84.1
00APGC,E05000268,Haringey,Bruce Grove,14512,3219,10073,38062,61.8,22.5,11.1,11.3,1.2,10.1,27.6,16.2,23.9,36.5,16111.1,6386,1004,1685,4618,790,220486,100.1
00APGD,E05000269,Haringey,Crouch End,12428,1993,9311,68346,80.9,6.4,4.4,7,0.6,8.5,67,6,8.5,8.8,8892.9,10162,705,666,535,327,420000,77
00APGE,E05000270,Haringey,Fortis Green,12456,2638,8455,65060,75.9,9.2,6.4,9.6,0.8,9.6,58.4,6.1,8.9,13.5,6275,9984,767,843,599,295,400000,68.9
00APGF,E05000271,Haringey,Harringay,13387,1986,10387,46648,71.8,14,6.8,7.5,0.8,10.6,46.6,13.7,15.5,29.1,8312.5,8696,848,1532,1568,628,305000,96.2
00APGG,E05000272,Haringey,Highgate,11646,1804,8486,70938,79,6.4,4.3,8.1,0.7,8.5,65.7,6.2,7.6,10.7,4660,9438,640,730,526,298,465000,72.9
00APGH,E05000273,Haringey,Hornsey,12700,2307,9339,50862,72.4,13.8,7.5,9.4,1,9.6,51.5,7.3,18.2,29.6,11545.5,8740,877,880,1668,494,307500,63.5
00APGJ,E05000274,Haringey,Muswell Hill,10778,1924,7539,71204,78.4,8.3,5.8,8.4,0.8,9,62.8,4.8,6.7,8.8,6352.9,9033,571,457,500,223,570000,78.7
00APGK,E05000275,Haringey,Noel Park,14015,2675,10146,38384,63.2,20.8,9.4,10.4,1.3,10.5,33.8,13.9,20.8,41.6,11625,7645,936,1864,2757,737,250000,226.9
00APGL,E05000276,Haringey,Northumberland Park,14451,3873,9440,31996,52.3,29.2,13.7,13.4,1.3,8.8,20.2,13.4,33.7,46.9,7605.3,5642,1055,1124,5821,787,183000,120.6
00APGM,E05000277,Haringey,St. Ann's,14709,2683,10785,40540,65.6,20.4,8.2,10,1,9.5,35.2,15.7,17.3,33.3,13318.2,7953,948,1843,3104,790,249973,82.5
00APGN,E05000278,Haringey,Seven Sisters,16007,4286,10542,41722,63.7,24.4,10.6,10.6,0.8,9,29,15.6,21.6,25.2,12307.7,9395,873,1290,3232,1178,279950,85.9
00APGP,E05000279,Haringey,Stroud Green,11794,1912,9065,57282,77.3,10.1,5.9,7.7,0.7,8.8,60.5,6.3,13.4,23.4,10727.3,8717,712,619,1331,379,325000,66
00APGQ,E05000280,Haringey,Tottenham Green,14618,2972,10447,36332,61.3,22.7,9.7,10.7,1.2,10,29.2,16.4,26.1,40.4,10428.6,6883,1049,1601,4206,841,211000,143.1
00APGR,E05000281,Haringey,Tottenham Hale,15096,3515,10400,34554,56.3,24.7,12,11.9,1.1,11.3,23.1,15.9,24.1,41.3,7947.4,6413,1007,1780,4919,945,200000,136
00APGS,E05000282,Haringey,West Green,13432,2642,9512,39018,63.3,23.9,9.9,10.6,1.1,9.4,30.6,14.6,21.8,37.9,9571.4,6984,847,1610,3180,751,296000,89.8
00APGT,E05000283,Haringey,White Hart Lane,13408,3607,8672,34026,54.8,30,12.6,13.8,1.1,9.6,20.7,12.1,26.9,44.2,7911.8,6382,1026,1324,3801,898,216000,86.2
00APGU,E05000284,Haringey,Woodside,14545,2770,10538,40194,66.6,20,9.4,10.6,1,9.3,32.9,16.8,18.3,36.3,9700,8248,984,2069,2458,755,270000,86.9
00AQFY,E05000285,Harrow,Belmont,11439,2451,7505,52520,71.8,15.1,11.6,14.7,2,11,36.4,9.2,4.9,13.6,6333.3,4688,349,5292,660,354,367500,48.9
00AQFZ,E05000286,Harrow,Canons,12507,2295,7767,49190,71.9,17.8,9.8,12.2,1.4,8.8,40.8,9.2,8.2,20.6,2241.1,6437,400,4354,870,410,301250,48.8
00AQGA,E05000287,Harrow,Edgware,11756,2379,8032,40876,68.6,22.5,11.2,11.6,1.5,9.1,29.4,14.7,9,22.3,8357.1,4048,393,5588,1210,414,275000,62.2
00AQGB,E05000288,Harrow,Greenhill,12590,2127,9178,45820,71.1,11.7,8.4,11,1.1,10.1,46,11.9,11.4,25.4,7352.9,5153,581,5143,1107,436,235000,140.3
00AQGC,E05000289,Harrow,Harrow on the Hill,12358,2554,8353,48728,68.2,13.3,10.3,12,1.3,10.5,41.8,10.8,9.7,18,3430.6,5813,646,4346,1039,426,295000,62.9
00AQGD,E05000290,Harrow,Harrow Weald,11408,2242,7208,45066,69.1,19.4,11.9,13.9,2.6,10.7,32.3,9.3,10.1,23.4,2489.1,5880,516,3548,1054,378,277998,62.6
00AQGE,E05000291,Harrow,Hatch End,10702,1980,6599,52576,73.2,15.4,10.3,12.7,1.8,10.2,41.8,7.7,6,15.7,3257.6,6058,392,3539,479,225,368500,50.3
00AQGF,E05000292,Harrow,Headstone North,10134,1822,6642,55540,73.8,12.9,9.5,13.3,2.2,11.3,43.6,7.2,4.1,10.1,3075.8,4782,379,4169,540,223,365000,39.4
00AQGG,E05000293,Harrow,Headstone South,11233,2283,7605,48120,71.7,13.1,9.2,11.6,1.7,10.8,43,10.5,7.6,19.7,7466.7,4839,625,4353,962,356,272500,37.2
00AQGH,E05000294,Harrow,Kenton East,11208,2080,7738,39924,68.5,23.4,11.9,12.4,1.3,9.9,27.6,13.5,8.8,19.8,8615.4,2960,327,6755,770,326,297500,42.9
00AQGJ,E05000295,Harrow,Kenton West,11212,1984,7616,47168,71.6,17.9,11.8,12.7,1.7,10.5,34.1,11.3,4.3,13.7,6250,3062,335,6745,815,216,320000,54.6
00AQGK,E05000296,Harrow,Marlborough,12420,2569,8542,41878,68.4,17.1,11,11.8,1.5,10.5,35.5,12.7,11.8,27.7,7718.8,4543,583,5131,1569,433,235000,71.4
00AQGL,E05000297,Harrow,Pinner,10038,1806,6231,54442,71.8,14.7,8.7,13.1,1.9,9.8,44.3,7.5,7.6,15,3060.6,6213,376,2750,500,187,476000,57
00AQGM,E05000298,Harrow,Pinner South,10459,2206,6446,62574,75.2,11.4,8.9,13.8,2,10.3,47.5,6.1,4.6,8.3,4375,6189,385,3392,312,133,400000,37
00AQGN,E05000299,Harrow,Queensbury,12074,2554,8123,42618,68.1,20.8,11.7,12.2,1.6,9.7,30.5,13.7,7,18.9,7531.3,2998,357,7489,799,341,283000,56.8
00AQGP,E05000300,Harrow,Rayners Lane,11157,2290,7301,49628,71.5,13.7,10.9,13.1,1.9,11.4,37.9,11.2,5.7,13.1,7466.7,3840,361,6064,588,271,313500,42.6
00AQGQ,E05000301,Harrow,Roxbourne,12920,3134,8521,38952,64.8,19.2,13.3,13.8,1.7,10.6,29.2,12.2,16.2,29.5,8600,4323,579,5845,1737,344,225500,55.2
00AQGR,E05000302,Harrow,Roxeth,11726,2656,7773,42764,68.6,17.3,13.1,14,1.9,11.5,28.9,13.3,9.1,18.8,7343.8,3936,564,5483,1330,350,250000,61.1
00AQGS,E05000303,Harrow,Stanmore Park,11252,1962,6770,48368,68.6,19.7,11.2,13.6,1.5,9.9,35.3,9,8.5,19.7,2511.1,6372,398,3259,813,387,347500,59.7
00AQGT,E05000304,Harrow,Wealdstone,11483,2681,7543,39028,65.1,20.9,13.6,13.3,2,11.6,27.2,11.4,14.6,28.9,9541.7,4267,488,4420,1688,531,250000,72.7
00AQGU,E05000305,Harrow,West Harrow,10423,2120,6945,49454,71.5,13.4,10.9,12.7,1.6,11,40.7,9.8,8.2,21.1,6966.7,4590,465,4143,866,309,315000,45.8
00ARGC,E05000306,Havering,Brooklands,15057,3196,9840,41374,72.7,24.9,15.8,16.5,3.1,12.3,21.3,6.1,10.2,25.8,3571.4,11616,466,1375,1333,167,201000,75
00ARGD,E05000307,Havering,Cranham,12531,2148,7410,50154,75.6,22.2,15.8,18.6,3.9,12.2,23.3,4,2.8,10.1,1901.5,11822,184,352,123,47,258500,34
00ARGE,E05000308,Havering,Elm Park,12490,2230,7826,40768,73.4,29.6,16.8,17.1,4,10.7,16.5,5.3,8.3,23.8,3378.4,10764,253,688,731,30,200000,49.8
00ARGF,E05000309,Havering,Emerson Park,11997,1952,7467,52390,74.3,23.1,15.7,17,3.8,11.3,24.3,4.7,2.1,7.9,2608.7,9859,188,1439,386,105,310000,46.5
00ARGG,E05000310,Havering,Gooshays,14790,3444,9437,34408,63,34.2,18,16.7,3.2,9.9,13.2,4.8,18.6,33.9,1891,12806,341,399,1084,62,168000,84.5
00ARGH,E05000311,Havering,Hacton,12267,2026,7804,46962,75.7,25.3,16.8,18.6,4.7,12.4,17.9,4.4,2.9,11.4,4920,11370,169,423,271,29,250000,33.7
00ARGJ,E05000312,Havering,Harold Wood,12691,2204,8255,43452,72.2,25.8,16.6,17.3,3.4,11.3,20.6,4.9,8.5,18.8,1671.1,11377,219,508,487,59,214000,72
00ARGK,E05000313,Havering,Havering Park,13063,2790,8186,39386,69.1,30.4,18.4,17.1,3.5,10.3,15.3,5.1,9.9,26.6,1331.6,11444,291,505,713,47,208000,52
00ARGL,E05000314,Havering,Heaton,12610,2772,7723,34660,64.3,35.8,16.8,15.9,2.5,9.7,13.7,5.7,17.5,33.6,3705.9,10524,334,405,1228,79,165000,69.7
00ARGM,E05000315,Havering,Hylands,12983,2271,8594,47206,75.6,23.7,16.9,19.1,4.2,12.3,19.2,4.5,3.9,12.7,4482.8,11697,219,571,390,75,235000,61.5
00ARGN,E05000316,Havering,Mawneys,12939,2511,8064,41960,73.2,29.6,17.5,16.8,4.2,10.2,16.3,5.3,6.8,19.5,4316.7,11434,259,555,576,91,199000,59.5
00ARGP,E05000317,Havering,Pettits,12945,2194,8036,47394,74.9,25.7,17,17.7,4.2,11,19.9,4.4,3.2,12.2,3250,11826,198,525,354,52,250000,56.5
00ARGQ,E05000318,Havering,Rainham and Wennington,12537,2391,7946,40384,72.4,29.8,18,17.1,4.4,10.4,14.9,5.5,6.9,22.8,739.6,10527,330,607,947,71,195000,81.4
00ARGR,E05000319,Havering,Romford Town,16021,2857,10931,43752,74.4,21,15.7,16.4,2.9,11.6,26.3,6,9.9,21.1,5500,13303,456,1237,797,128,201200,220.4
00ARGS,E05000320,Havering,St. Andrew's,13347,2181,8364,44916,76.1,26.2,17,17,4.2,12.2,18.9,4.6,6.2,13.5,4963,12368,216,379,289,82,233500,78.3
00ARGT,E05000321,Havering,South Hornchurch,13596,2873,8449,38762,70.5,31.4,17.2,17,4.1,10.4,14,5.8,9.7,25.5,2000,11323,353,484,1295,89,187500,82.8
00ARGU,E05000322,Havering,Squirrel's Heath,13235,2350,8726,49414,77.3,20,16.1,19,3.5,13,24.3,4.1,5.5,13,5096.2,11676,295,798,351,74,249250,47.2
00ARGW,E05000323,Havering,Upminster,12828,2141,7781,57406,76.4,19,15.1,18.1,4,11.7,27.9,4.1,1.2,4.8,571.1,12213,162,295,126,37,345000,49.6
00ASGG,E05000324,Hillingdon,Barnhill,13546,3299,8957,37424,65,22.4,15.5,13,1.8,10.3,22.4,14.6,12.4,28.4,6452.4,4255,495,6312,1727,660,225000,99
00ASGH,E05000325,Hillingdon,Botwell,15187,3797,10012,36200,64,24,15.6,13.7,2.1,10.3,21.4,13,16.3,32.3,3431.8,5986,580,5572,2316,580,190000,99.3
00ASGJ,E05000326,Hillingdon,Brunel,13926,2169,10221,40788,57.5,17.6,12,12.8,2.5,23.9,23.6,7.7,8.9,26.3,4212.1,8558,542,3061,1213,467,226750,102.2
00ASGK,E05000327,Hillingdon,Cavendish,11686,2389,7438,52514,77.6,17.2,14.7,15.6,4.2,12,29.9,6.4,4.4,11,5850,9358,377,1437,316,170,320000,43.3
00ASGL,E05000328,Hillingdon,Charville,12680,2875,8207,41702,71,21.6,16.9,15.3,3.7,11.6,21.1,9.8,8.7,22.1,4233.3,7087,491,3413,1189,442,220500,66.9
00ASGM,E05000329,Hillingdon,Eastcote and East Ruislip,12145,2155,7550,57526,76.8,13.6,12.1,15.3,3.3,12.1,38.1,5.5,3.6,9.9,2975.6,9688,367,1725,189,173,399998,51.4
00ASGN,E05000330,Hillingdon,Harefield,7400,1430,4706,44918,75.7,23.8,15.7,15.8,3.9,10.2,25,5.5,9.4,20.1,490.1,6476,165,496,173,89,243000,68.7
00ASGP,E05000331,Hillingdon,Heathrow Villages,12328,2585,8596,38894,71.7,19.2,15.1,12.6,2.6,9.7,24.2,16.7,10.8,25.6,523.4,6094,591,4039,960,515,230000,308
00ASGQ,E05000332,Hillingdon,Hillingdon East,12946,2998,8404,43922,72.4,19.3,16.1,16.3,3.9,12.7,24.2,7.4,8.3,21.5,3611.1,8463,608,2753,759,323,249225,71.8
00ASGR,E05000333,Hillingdon,Ickenham,10386,1931,6381,59454,76.6,14.6,12.4,15.9,4.3,11.7,36,5.1,2.3,5.9,1685.5,8125,298,1602,167,195,389500,43.1
00ASGS,E05000334,Hillingdon,Manor,11461,2307,7347,51886,80.5,17,14.3,16.3,4.7,12.5,29.6,5.6,3.7,10.4,5750,9609,383,1080,259,111,275000,56.5
00ASGT,E05000335,Hillingdon,Northwood,10465,1652,6619,56216,73.3,13.3,8.8,13,1.7,10.1,46.4,6.7,7.6,9.2,1425.7,6825,375,2876,259,134,345000,62
00ASGU,E05000336,Hillingdon,Northwood Hills,11594,2194,7370,51646,74.3,16.6,11.3,13.9,2.8,11.1,37.1,7.2,7.9,14.2,3530.3,7728,453,2853,362,182,356000,58.6
00ASGW,E05000337,Hillingdon,Pinkwell,14893,3912,9682,37428,66.8,22,15.4,13.2,2.4,9.6,22.8,14.7,11.7,28.7,5500,4697,559,7025,1811,675,233000,88.3
00ASGX,E05000338,Hillingdon,South Ruislip,12576,2519,8487,47286,77.5,18.3,15.3,15.7,3.5,12.4,27.3,7.6,7.2,12.4,1682.4,9029,490,1974,615,256,250000,79.8
00ASGY,E05000339,Hillingdon,Townfield,14225,3324,9521,35764,63.2,24.7,14.9,13.1,1.7,9.9,22.2,13.4,16.1,30.5,4057.1,5239,538,5825,1948,556,250000,131.7
00ASGZ,E05000340,Hillingdon,Uxbridge North,12088,2174,7985,49574,74,16.8,12,14.2,3.3,12.5,34.9,6.2,7,17.3,2630.4,8411,439,2348,489,361,235000,113.6
00ASHA,E05000341,Hillingdon,Uxbridge South,14089,1875,10862,40360,56.8,14.1,9.8,11.8,1.9,24.7,29.9,7.8,9.4,24.1,4532.3,8674,597,3164,1026,518,198500,123.9
00ASHB,E05000342,Hillingdon,West Drayton,14467,3297,9513,38428,69,24.3,15.6,13.7,2.9,10,24,9.5,13.4,32.7,4128.6,9553,607,2674,1170,366,220000,76.7
00ASHC,E05000343,Hillingdon,West Ruislip,10618,1898,6941,51978,78.2,16.3,13,15.8,3.5,11.9,33.9,5.7,5.9,11.9,2431.8,8700,370,1147,217,177,305000,69.8
00ASHD,E05000344,Hillingdon,Yeading,13699,3542,9102,38948,66.1,19.8,14.8,13.9,2.2,9.5,26,13.9,13.8,28.9,5934.8,4882,666,5376,1959,703,220000,94.1
00ASHE,E05000345,Hillingdon,Yiewsley,13094,2934,8931,38014,68.2,23.7,16.5,14.3,2.6,10.8,23.1,9.1,14.3,31.1,3262.5,8594,488,2501,958,438,218250,114.1
00ATFY,E05000346,Hounslow,Bedfont,12755,2832,8483,38852,72.2,24,17.3,14.2,2.5,9.7,20.2,12.1,12.4,26.9,2897.7,8168,475,2926,864,268,200000,87.8
00ATFZ,E05000347,Hounslow,Brentford,14421,2561,10428,42988,68,17.2,10.2,11.1,1.8,12.5,35.3,11.9,14.5,30,4500,9486,863,2030,1475,499,290000,88.4
00ATGA,E05000348,Hounslow,Chiswick Homefields,11360,2092,7976,66772,76.1,9.3,6.3,8.7,1,10.5,55.7,8.5,7.2,13.6,4956.5,9215,486,825,477,343,599975,107.3
00ATGB,E05000349,Hounslow,Chiswick Riverside,11551,2174,7996,63326,77.4,9.2,6.7,9.5,1.2,10.1,56,7.2,9.2,13.4,5523.8,9340,539,913,453,298,500000,73
00ATGC,E05000350,Hounslow,Cranford,12449,2669,8529,37698,65.6,20.2,13,11.8,1.3,9.2,26.2,18.4,12.4,29.2,4574.1,3219,400,7111,1093,507,248000,100.3
00ATGD,E05000351,Hounslow,Feltham North,11568,2307,7711,40054,71.6,26.1,15.6,13.3,2.4,8.6,21.1,13,10.8,22.6,3411.8,7068,456,3078,678,283,219250,97.4
00ATGE,E05000352,Hounslow,Feltham West,15606,3890,10713,41412,71.8,20.5,16.8,14.3,2.2,9.9,25,11.2,12,26.7,4875,10026,716,3133,1341,325,196000,86.9
00ATGF,E05000353,Hounslow,Hanworth,12163,2932,7881,37858,66.9,26.4,16,14.9,2.8,9.7,19.2,11.1,15,32.2,3697,8215,568,2030,1016,326,205000,81.4
00ATGG,E05000354,Hounslow,Hanworth Park,11436,2355,7707,41884,72.9,23.4,15.4,14.8,3.3,10.5,22.2,10.5,10.1,24.7,3180.6,7891,489,2170,619,239,225500,98.7
00ATGH,E05000355,Hounslow,Heston Central,12340,2555,8432,41120,66.6,17.3,11.9,11.4,1.2,9,32,17.1,9.7,24.1,7264.7,2879,362,7820,635,592,262500,75.5
00ATGJ,E05000356,Hounslow,Heston East,12393,2515,8562,41700,67.5,16.1,11.8,11.6,1.3,9.6,33.4,16.2,9.5,25.3,6175,2783,424,7443,841,828,250000,78.6
00ATGK,E05000357,Hounslow,Heston West,12474,2863,8315,36204,62.2,21.8,13.9,12.1,1.4,9.4,24.4,17.1,14.1,32.5,3276.3,2966,343,7337,1191,601,180000,125.9
00ATGL,E05000358,Hounslow,Hounslow Central,15279,2822,11027,43990,71.4,12.8,8.8,8.6,1.1,8.5,42.8,17.4,9.4,19.6,8970.6,4449,470,8931,750,569,239500,194.5
00ATGM,E05000359,Hounslow,Hounslow Heath,14789,3388,10232,39878,67.6,15.7,11.4,10.4,1.2,8.9,34.6,17.7,12.2,27.3,5285.7,4035,538,8511,1042,601,205500,85.1
00ATGN,E05000360,Hounslow,Hounslow South,11426,2193,7799,49398,74.1,15.7,12.3,13.1,2.2,11.1,32.9,12.7,4.8,9.9,6361.1,6263,481,3851,472,341,277000,53.8
00ATGP,E05000361,Hounslow,Hounslow West,12783,2228,9141,39078,69.6,16.3,11,9.8,1.1,9.5,33.5,18.8,9.3,20.9,7937.5,3048,363,8170,619,458,239000,118.6
00ATGQ,E05000362,Hounslow,Isleworth,12026,2583,8257,42592,70.6,19.9,11.7,12.7,1.7,10,33.8,10.3,14.4,31.5,6000,7810,576,1994,1205,392,246250,80.2
00ATGR,E05000363,Hounslow,Osterley and Spring Grove,13060,2384,9110,52520,75.3,10.8,8.9,10.7,1.4,9.6,45.9,12.7,5.6,15,2079.4,5937,510,5428,531,625,297475,86.5
00ATGS,E05000364,Hounslow,Syon,13574,2613,9659,45500,73,16.4,10.7,10.9,1.7,10.1,38.9,11.4,12.6,27.3,4689.7,8917,747,2341,1021,528,286750,87.6
00ATGT,E05000365,Hounslow,Turnham Green,11474,1736,8262,59656,77,9.9,6.1,8.1,1.2,9.2,55.4,10,7.3,16,6388.9,8790,543,1215,490,410,375000,116.8
00AUFX,E05000366,Islington,Barnsbury,12214,1813,9259,60764,68.1,16.3,7.4,7.9,0.9,9.1,51.5,7,15.7,36.7,15250,8680,703,1379,1116,323,430000,149.7
00AUFY,E05000367,Islington,Bunhill,14706,1974,11579,52396,59.8,15.8,7.8,7.8,1,13,45.2,9.3,17.5,44.4,13272.7,9582,819,1996,1697,545,445000,182.1
00AUFZ,E05000368,Islington,Caledonian,13935,2117,10573,47780,61.7,21,9.6,9.3,1.1,11,39.1,9,19,43,12636.4,9078,818,1706,1830,464,345000,132.7
00AUGA,E05000369,Islington,Canonbury,12054,2075,8808,54334,69.2,19.2,8.2,8.5,1.3,8.5,47.3,7.1,19.5,41.2,15125,8667,838,798,1365,404,403000,97.9
00AUGB,E05000370,Islington,Clerkenwell,11524,1409,9168,58368,62.6,15.1,7.1,7.7,1.2,12.8,47.9,8.2,16.4,38.7,12777.8,8124,568,1401,1074,323,455000,193.7
00AUGC,E05000371,Islington,Finsbury Park,14341,2610,10512,45076,65.4,20.6,9,8.6,1,9.8,41.8,9.3,23.9,44.5,16000,8196,1143,1525,2850,644,315000,182.3
00AUGD,E05000372,Islington,Highbury East,11636,1980,8522,65154,74.5,13.4,6.1,6.9,0.9,8.1,58.8,5.8,13.8,26.3,11650,8901,663,649,1130,291,446500,96.2
00AUGE,E05000373,Islington,Highbury West,15069,2297,11758,58956,74.5,12.6,6.5,7.5,0.9,9,56.3,7.1,14.9,33.6,13681.8,10201,980,1399,1986,464,400000,93.4
00AUGF,E05000374,Islington,Hillrise,11804,2289,8445,52162,65.7,17.9,9.9,9.9,1.1,9.6,43.7,7.9,20.2,38.6,14750,7815,892,876,1807,404,375000,72.8
00AUGG,E05000375,Islington,Holloway,15015,2310,11474,47148,63.9,18.8,8.4,8.7,1,11.1,43.3,8.6,19.8,43.1,15000,9572,1037,1673,2074,627,328500,87.6
00AUGH,E05000376,Islington,Junction,11990,1854,8850,52778,68.4,16.8,8,9,0.9,11,46.9,7.5,19.3,32.6,12050,8349,859,1024,1398,395,334975,107
00AUGJ,E05000377,Islington,Mildmay,12903,2338,9557,52592,68.6,17.4,8.7,8.7,1,8,48.8,7.4,21,39.6,16187.5,8459,977,907,2008,566,372500,90.3
00AUGK,E05000378,Islington,St. George's,12359,1993,9236,54764,67.8,16.5,8.7,9.1,1.1,9.2,48.3,7.1,18.1,33.9,15500,8915,803,817,1540,325,345000,89.1
00AUGL,E05000379,Islington,St. Mary's,11576,1594,8871,62596,73,15.5,7.1,7.4,0.8,7.7,54.4,7,16.9,35.6,12888.9,8629,711,848,1044,321,523500,244
00AUGM,E05000380,Islington,St. Peter's,11837,1769,8905,59322,70.4,17.3,7.3,7.9,1,6.9,53,6.6,16.9,38.5,14812.5,8801,630,956,1069,366,502500,146.8
00AUGN,E05000381,Islington,Tollington,13322,2364,9885,50800,68.5,17.3,8.7,9.5,1,10,45.2,8.4,22.2,38.8,16625,8546,898,1080,2306,481,340000,91.4
00AWFY,E05000382,Kensington and Chelsea,Abingdon,10008,1551,7251,110246,66.2,6.3,4.1,6.6,0.4,8.9,59.2,14.3,9.4,17.7,16583.3,6747,587,1450,248,981,825000,91.9
00AWFZ,E05000383,Kensington and Chelsea,Brompton,8840,1257,6423,134412,69.2,6.6,5,6.5,0.6,9.3,57.4,14.7,5.1,10.8,8800,6686,437,962,186,568,1200000,315.1
00AWGA,E05000384,Kensington and Chelsea,Campden,8136,1274,5819,138180,71.6,4.5,4.1,7.1,0.4,8.4,62.4,13,5,7.3,9055.6,6430,418,735,183,412,1100000,146
00AWGB,E05000385,Kensington and Chelsea,Colville,8348,1179,6342,84226,69.9,13.1,8,9,1,10,48.6,10.5,20.7,34.4,20875,5525,606,648,1092,506,652500,193.7
00AWGC,E05000386,Kensington and Chelsea,Courtfield,8951,1144,6985,127960,64.8,3.8,2.8,5.2,0.3,15.4,58.7,13.8,6.7,4.4,17800,6717,423,1153,210,430,863750,111.7
00AWGD,E05000387,Kensington and Chelsea,Cremorne,7957,1236,5491,85070,63,15.4,8.2,10.3,1,10.7,41.2,13.2,21.5,32.7,13250,5372,507,837,606,642,720000,107.9
00AWGE,E05000388,Kensington and Chelsea,Earl's Court,9111,1059,7246,85774,68.5,8.4,5.7,7,0.8,10.5,53.3,14.3,18.4,24.4,18100,5879,518,1473,466,768,530000,116.1
00AWGF,E05000389,Kensington and Chelsea,Golborne,8924,1671,6329,57066,59.3,22.5,10.2,10.6,1.3,10.1,32.1,13.1,30.1,42.7,9888.9,4284,721,739,2011,1182,385250,147.1
00AWGG,E05000390,Kensington and Chelsea,Hans Town,8790,1119,6369,117468,69.1,9.2,5.2,7.6,0.5,7.9,55.1,14.5,8.1,22.1,14583.3,6729,432,792,270,569,1200000,117.9
00AWGH,E05000391,Kensington and Chelsea,Holland,9736,1801,6830,110682,66.4,7,4.4,6.9,0.5,8.5,58.8,13.9,8.5,20.5,9750,6644,555,1110,393,1065,781290,93.2
00AWGJ,E05000392,Kensington and Chelsea,Norland,8669,1516,5853,106492,67.4,14.2,7,8.3,0.7,8.9,51.2,9.7,16.7,25.2,12357.1,6451,578,494,643,509,620000,95.7
00AWGK,E05000393,Kensington and Chelsea,Notting Barns,9516,1911,6495,69588,61.8,19.4,9.9,10.4,1.1,10.4,37.2,11.6,25.8,39.6,15833.3,5467,637,809,1620,1004,488050,97.9
00AWGL,E05000394,Kensington and Chelsea,Pembridge,7627,1039,5678,112754,74.8,6.2,3.8,6.4,0.6,9.8,60.8,12.4,8.6,13.6,15300,5969,372,682,301,335,825000,180.5
00AWGM,E05000395,Kensington and Chelsea,Queen's Gate,9807,1421,7445,133174,66.3,3.8,2.8,5.7,0.5,11.5,61.7,14,3.4,4.5,16333.3,7018,436,1497,210,686,1000000,101.2
00AWGN,E05000396,Kensington and Chelsea,Redcliffe,9198,1395,6850,110260,74.3,5.2,3.6,6.7,0.5,10.4,60.5,13,9.5,11,13142.9,7505,410,738,222,370,680000,82.1
00AWGP,E05000397,Kensington and Chelsea,Royal Hospital,7212,947,4824,124966,72.8,9,4.8,8.6,0.7,9.7,56.1,11,6.4,8.6,8055.6,6137,259,434,160,262,895000,130.8
00AWGQ,E05000398,Kensington and Chelsea,St. Charles,9282,1755,6471,68314,63.4,21.5,10.2,11,1.4,10,35.5,10.4,25.1,37.5,13285.7,5826,755,708,1277,777,450000,83.8
00AWGR,E05000399,Kensington and Chelsea,Stanley,8139,1198,5760,111740,73,7.3,4.6,8.8,0.5,9.7,56.1,13.1,6.7,14,11642.9,6631,335,600,235,386,900000,133.9
00AXFX,E05000400,Kingston upon Thames,Alexandra,9263,1932,5937,51574,75.1,15.8,12.3,14.8,3.1,12.9,32.7,8.5,5.2,10.2,3425.9,6493,327,2004,221,201,327000,50.3
00AXFY,E05000401,Kingston upon Thames,Berrylands,9475,1620,6442,52874,74.8,11.9,7.4,10.8,1.7,13.2,48.4,6.6,10.9,10.7,6300,7731,347,994,203,162,292500,35.6
00AXFZ,E05000402,Kingston upon Thames,Beverley,10123,2098,6720,50742,71.6,15.2,8.9,12,1.8,11,41.7,9.3,8.6,16.1,5342.1,6817,418,2347,264,263,310000,76
00AXGA,E05000403,Kingston upon Thames,Canbury,12457,2739,8730,57950,74.9,9,6.9,9.6,1.4,12.5,54.4,6.3,7,10.1,10333.3,9726,610,1440,236,361,339325,46.5
00AXGB,E05000404,Kingston upon Thames,Chessington North and Hook,8742,1788,5684,45756,76.4,21.9,16.2,16.6,4.1,12.1,22.8,6.2,7.2,15.2,4605.3,7426,273,744,193,105,248000,51.5
00AXGC,E05000405,Kingston upon Thames,Chessington South,10246,2128,6731,47312,78.5,19.1,16.4,17.2,3.7,12.8,25.3,5.4,6.4,17.3,1348.7,8903,301,702,176,150,249950,49.4
00AXGD,E05000406,Kingston upon Thames,Coombe Hill,10355,1937,6908,57692,64.5,10.7,7.1,10.4,1,16.2,44.5,10.1,5.7,16.3,2352.3,6680,482,2105,384,706,480000,58.2
00AXGE,E05000407,Kingston upon Thames,Coombe Vale,9752,2061,6392,55826,72.4,11.7,8.5,11.4,1.6,11,47.4,8.3,5.2,9.2,6093.8,6497,386,2386,186,295,359000,36.4
00AXGF,E05000408,Kingston upon Thames,Grove,11010,1428,8537,51972,66.8,8.5,6.1,9.4,1.2,20.2,47,7.7,7.9,14.9,5763.2,8417,467,1391,319,361,305000,336.3
00AXGG,E05000409,Kingston upon Thames,Norbiton,10144,1907,7313,42592,68.2,17.7,10.3,11.2,1.2,14.6,35.8,9.2,14.3,25.6,7807.7,6972,450,1763,548,374,285500,69.9
00AXGH,E05000410,Kingston upon Thames,Old Malden,9428,1865,6066,52056,74,15.7,13.2,14.3,3.2,11.2,34.4,8,5.5,14.4,5250,6527,263,2160,173,308,370000,33.9
00AXGJ,E05000411,Kingston upon Thames,St. James,8960,1723,5655,52236,71.9,15.9,10.1,13.7,2,10.1,38,10.2,5.8,12.6,4090.9,5255,294,2949,166,305,335000,40.9
00AXGK,E05000412,Kingston upon Thames,St. Mark's,10558,1201,8487,56678,69.4,6.7,6,9.8,0.9,20.8,48.3,7.4,6.1,10.4,7464.3,8254,453,1214,348,214,291000,59.8
00AXGL,E05000413,Kingston upon Thames,Surbiton Hill,10486,1768,7304,54116,78.2,10.7,7.6,10.5,1.1,11,52.2,6.9,5.5,12.4,6176.5,8474,390,1150,261,184,270000,31.6
00AXGM,E05000414,Kingston upon Thames,Tolworth and Hook Rise,9848,2011,6548,46666,76.2,18.4,14,14.3,2.7,12.2,30,8.4,7.6,14.6,3788.5,7154,343,1908,231,197,250000,62
00AXGN,E05000415,Kingston upon Thames,Tudor,9589,2199,6072,62028,76.9,10.1,8.6,11.4,1.9,10.4,51.3,6.3,4,7,6000,7893,465,895,112,213,440500,39.4
00AYFZ,E05000416,Lambeth,Bishop's,9748,1115,7786,49598,66.2,14.5,7.9,8.2,0.7,13.3,47.2,8.2,12.8,29.5,6466.7,5608,635,1658,1501,273,402500,310.3
00AYGA,E05000417,Lambeth,Brixton Hill,15914,2492,12314,47788,75.3,13.8,7.9,9.1,1.2,9.2,49.6,9.3,14.9,29.9,14454.5,9273,1289,804,4120,356,284000,98.1
00AYGB,E05000418,Lambeth,Clapham Common,12956,2028,10051,62798,80.3,8.3,5.2,7.2,0.7,8.3,63.3,6.9,9.9,19.7,9961.5,9731,692,662,1612,155,455000,97
00AYGC,E05000419,Lambeth,Clapham Town,13925,2046,10876,55900,80,10.9,6.1,7.1,0.8,8.3,59.7,7,13.2,26.2,12636.4,9758,854,665,2289,229,354508,194.4
00AYGD,E05000420,Lambeth,Coldharbour,16896,3579,12276,39230,64.9,17.6,11.4,11.5,1.2,10.3,36.8,11.2,25.1,43.8,14041.7,6355,1453,834,7644,498,270000,179.9
00AYGE,E05000421,Lambeth,Ferndale,15176,1896,12350,48460,77,13.3,7.1,7.7,0.7,8.3,52.9,10.1,15.5,31.7,16777.8,8959,1011,822,3875,365,333860,167.5
00AYGF,E05000422,Lambeth,Gipsy Hill,13743,3088,9543,44574,69.7,18.4,10,12.2,1.6,10.1,39.3,8.4,21.1,34.8,8593.8,7557,1277,603,4015,260,246000,102.9
00AYGG,E05000423,Lambeth,Herne Hill,15132,2780,11253,51238,75.3,12.2,7.3,9.5,1,9.5,52,8.6,14.8,23.6,7575,9129,1220,851,3479,428,330000,117.8
00AYGH,E05000424,Lambeth,Knight's Hill,14762,3422,9998,45122,68.8,15.9,11,11.7,1.6,10.7,38.2,10.9,18.1,31.2,9866.7,7715,1362,917,4473,296,246000,88.6
00AYGJ,E05000425,Lambeth,Larkhall,17376,2853,13453,45584,73.5,13.9,7.7,9.2,0.9,9,48.5,10.7,16.7,38.5,15727.3,9778,1313,1096,4623,433,335000,109.8
00AYGK,E05000426,Lambeth,Oval,15222,2133,11997,48146,74.3,13,7.3,7.6,0.9,9.4,51.6,10.2,15.1,36.7,11692.3,9530,1017,1148,2916,495,360000,143.4
00AYGL,E05000427,Lambeth,Prince's,14323,2416,10582,46060,71.1,16.3,8.7,9.4,1.2,9.1,46.5,8.8,19.4,35.5,11958.3,8077,1031,1012,3740,402,356250,121.8
00AYGM,E05000428,Lambeth,St. Leonard's,14603,2482,11005,49070,75.6,12.6,8,10.1,1.1,10.1,46.3,11.8,14.7,25.1,10428.6,8883,1076,1521,2791,279,245998,115.1
00AYGN,E05000429,Lambeth,Stockwell,14879,2730,11126,42660,71.2,16.2,8.9,10.1,0.9,9.1,41,13.8,18.9,35.5,16500,8229,1066,822,4212,448,331500,96.6
00AYGP,E05000430,Lambeth,Streatham Hill,14315,2628,10500,48074,74.6,13.5,8.1,10.2,1.1,9.9,46.4,10.8,15.3,25.1,11000,8860,1117,836,3088,362,261250,82
00AYGQ,E05000431,Lambeth,Streatham South,14386,2976,9842,44950,70.4,17,10.3,12.3,1.3,10.1,34.8,14.2,12,26.4,8470.6,6808,1055,2323,3867,283,242000,70.9
00AYGR,E05000432,Lambeth,Streatham Wells,14927,2875,10817,46900,74.2,13.9,8.9,10.7,1.1,10.1,42.6,12.7,14.1,29.6,9966.7,8476,1186,1280,3613,351,227500,77.1
00AYGS,E05000433,Lambeth,Thornton,12577,2593,8984,51540,74.3,14.2,8.8,10.1,1.2,9,47.8,9,15.4,29.5,11454.5,7451,792,721,3176,386,420000,63.7
00AYGT,E05000434,Lambeth,Thurlow Park,13566,2849,9523,51340,74,12.7,8.1,10.5,1,9.8,50.3,7.6,14.3,23.5,9133.3,8687,1117,804,2773,260,305000,95.3
00AYGU,E05000435,Lambeth,Tulse Hill,15817,3308,11466,43390,70.5,14.7,10.5,11.5,1.1,9.9,42.7,9.5,20,38.3,15850,7468,1416,742,5726,419,250000,88.5
00AYGW,E05000436,Lambeth,Vassall,14238,2554,10670,42374,67.6,16,10,10.9,1,10.6,41.3,10.1,22.2,38.9,12909.1,6693,1181,817,5009,443,318750,105
00AZGD,E05000437,Lewisham,Bellingham,14786,3701,9572,36638,64.9,25.4,15.2,15,1.9,10.4,23.5,8.6,22.7,37.6,4790.3,7194,1114,1030,5078,359,205000,99.7
00AZGE,E05000438,Lewisham,Blackheath,14100,2593,9971,53454,74.1,13.2,7.3,10.3,0.8,8.8,53.2,6.5,13.3,23.3,6130.4,9797,833,1033,2084,292,350000,105.7
00AZGF,E05000439,Lewisham,Brockley,17312,2635,13553,44644,71.3,11.8,8,9.9,0.7,13.5,47.3,8.7,15.8,29.7,10117.6,9763,1263,1587,4111,432,250000,108.2
00AZGG,E05000440,Lewisham,Catford South,15251,3271,10243,46090,70.2,17.3,13.4,14.6,1.7,10.8,34.2,7.9,10.6,23.8,8026.3,6669,1229,1532,5371,413,242000,55.9
00AZGH,E05000441,Lewisham,Crofton Park,14995,2953,10675,50214,73.9,15.3,9.5,11.6,1.3,10.3,45.1,6.9,12.2,20.6,8823.5,9026,1172,1094,3309,336,280000,70.3
00AZGJ,E05000442,Lewisham,Downham,14583,3587,9135,36016,63.6,30.2,15.1,15,2.1,9.9,20.2,7.6,21.8,37.6,6083.3,8499,1028,1064,3481,495,184250,94.4
00AZGK,E05000443,Lewisham,Evelyn,16738,3858,11874,35688,63.7,19.1,12,12.7,1.1,10.3,33.5,11.3,23,41.9,9250,6485,1120,2568,5959,471,188000,96.5
00AZGL,E05000444,Lewisham,Forest Hill,14907,3159,10265,48144,73.6,13.9,9.7,11.2,1.2,10,46.4,7.5,14.6,23.8,8277.8,9176,1113,1100,3191,274,242500,80
00AZGM,E05000445,Lewisham,Grove Park,14626,3042,9750,42280,69.3,22.5,13.8,13.9,2.1,10.9,29.2,7.6,15.2,28.6,6125,9158,875,1155,3000,460,214000,69.9
00AZGN,E05000446,Lewisham,Ladywell,14595,2671,10638,47476,70.5,12.8,9.7,11.2,1.5,11.6,44.5,8.8,11.9,24.2,9093.8,7931,1255,1472,3470,387,277500,82.3
00AZGP,E05000447,Lewisham,Lee Green,14609,2832,10176,50586,75.1,14.6,9.5,11.3,1.4,10,46.1,7.1,11.7,19,8138.9,9665,856,1367,2391,294,284000,74.6
00AZGQ,E05000448,Lewisham,Lewisham Central,17562,3209,12875,41878,69.6,16.1,9.8,11,1.3,9.9,42,9.9,18.4,34.8,8333.3,8450,1294,2161,5041,500,200000,176.1
00AZGR,E05000449,Lewisham,New Cross,15870,3207,11727,36818,64.6,17.9,9.9,11.7,1.1,13.1,34.7,11.6,20.9,35.3,8777.8,6342,1097,2090,5770,457,218500,152.7
00AZGS,E05000450,Lewisham,Perry Vale,15659,3253,10918,45894,72.9,16.2,10.6,12.8,1.5,10.2,41.5,7.2,15.5,29.7,9235.3,8984,1266,1124,3899,345,255000,75.7
00AZGT,E05000451,Lewisham,Rushey Green,14963,3303,10309,40582,66.2,18,12,13.9,2,11.2,32.9,10.1,20.6,31.2,8333.3,6103,1344,1379,5637,453,205000,134.9
00AZGU,E05000452,Lewisham,Sydenham,15631,3171,10614,43280,69.1,18.7,11.5,13,1.5,10.5,36.6,8.2,17.7,31.7,9235.3,9087,1314,1110,3808,286,247000,86.9
00AZGW,E05000453,Lewisham,Telegraph Hill,16513,3202,12156,43508,70.6,14.4,9.2,11.2,1.1,12.2,43.7,8.3,17,30.4,10966.7,8302,1299,1260,4918,635,241500,68.2
00AZGX,E05000454,Lewisham,Whitefoot,14238,3645,8976,38272,64.8,25.9,15.3,15.6,2,10.6,22.7,7.8,18.7,34,6500,7055,1000,1408,4424,362,195000,93.8
00BAFX,E05000455,Merton,Abbey,10443,1671,7895,60686,80.3,10.1,6.5,8.3,1.1,8.5,55.4,10,8.6,16.5,7392.9,7573,518,1469,498,265,375000,97.4
00BAFY,E05000456,Merton,Cannon Hill,9267,1629,6156,55798,75.9,17,11.2,13.6,3.2,11.2,35.2,8.6,4.1,9.1,4227.3,6901,372,1517,355,104,335000,41.1
00BAFZ,E05000457,Merton,Colliers Wood,10849,1554,8414,50660,76.7,13.3,8.6,10.9,1.3,10.5,43.1,12.4,8.2,17.6,9772.7,6418,576,2444,1087,187,240500,92.4
00BAGA,E05000458,Merton,Cricket Green,11516,2680,7596,38756,65.7,24.5,14.6,13.6,1.9,9.7,23.3,12.4,18.4,30.4,3833.3,6023,636,2143,2458,214,187375,90.3
00BAGB,E05000459,Merton,Dundonald,9370,1576,6880,67924,83.2,7.8,4.9,8.3,1.4,8.6,60.7,8.3,3.1,6.3,7750,7597,445,962,141,130,392675,80.3
00BAGC,E05000460,Merton,Figge's Marsh,11280,2590,7650,40002,66.3,21,13.8,14.1,1.6,10.6,25.3,13.5,15.8,27.9,10272.7,4791,663,2735,2752,299,210000,88.1
00BAGD,E05000461,Merton,Graveney,9898,1811,6997,46364,71.6,15.8,10.5,12.1,1.5,10.1,32.1,17.8,8.6,17.9,10944.4,4167,482,3153,1810,204,249500,60.7
00BAGE,E05000462,Merton,Hillside,9042,1271,6532,70678,79.8,6.4,4.2,6.9,0.8,8,64.6,9.1,5.2,4,7500,7025,355,1283,155,159,400000,56
00BAGF,E05000463,Merton,Lavender Fields,10353,2082,7511,43276,72.6,18.1,11.1,11.9,1.6,9.9,32.6,14.7,12,24.9,8625,5461,562,2532,1445,273,210000,66
00BAGG,E05000464,Merton,Longthornton,10040,2153,6794,44672,69.9,19.1,13.2,14.6,2.1,11.2,27.5,12.2,9.2,20.1,6700,4191,637,2311,2654,231,228500,59
00BAGH,E05000465,Merton,Lower Morden,9085,1725,5974,50666,78.1,20.9,15.3,15.6,3.6,11.9,24.5,8.2,3.2,10.2,5083.3,7101,309,1174,403,103,250000,34.5
00BAGJ,E05000466,Merton,Merton Park,9498,1848,6251,62160,75.2,11.5,7.4,10.8,1.3,9.6,50.1,9.3,4.4,8.8,5305.6,6711,388,1920,241,225,394000,69.5
00BAGK,E05000467,Merton,Pollards Hill,10306,2458,6760,41460,67.8,21.7,14.6,16.5,2.3,11.5,23.4,10,12.7,29.6,4704.5,4488,619,1482,3511,187,220000,72.1
00BAGL,E05000468,Merton,Ravensbury,9977,2119,6540,41744,69,23.7,13.5,14.4,2,9.9,25.1,11.5,12.8,27,5555.6,6094,470,2189,1045,170,219950,73.2
00BAGM,E05000469,Merton,Raynes Park,9743,1876,6532,66684,77.6,9.7,7.1,9.8,1.1,9.5,54.3,8.5,5.9,9.5,5157.9,7814,371,1136,262,155,364351,49.1
00BAGN,E05000470,Merton,St. Helier,10406,2244,6782,41912,69.4,23.7,15.1,13.7,2,10.5,23.4,11.5,13.5,24.9,5805.6,6774,371,2274,812,183,209995,59.1
00BAGP,E05000471,Merton,Trinity,9879,1688,7388,63956,80.7,9.2,5.8,7.9,1,8.3,59.6,8.1,7.8,11.4,8954.5,7621,460,1155,415,147,360000,112.3
00BAGQ,E05000472,Merton,Village,8476,1611,5229,89208,71.3,6.8,5.2,10,0.6,8.5,62.3,6.6,2.8,2.3,1371,7035,265,934,81,176,960000,68.5
00BAGR,E05000473,Merton,West Barnes,9876,2039,6509,58718,76.5,13.9,9.4,12.7,2.2,10.7,41.9,9.2,4,10.1,4950,6904,395,2043,321,199,327000,57.1
00BAGS,E05000474,Merton,Wimbledon Park,11239,2386,7925,69584,78.4,7.8,5.5,9.2,1,9.2,59.6,7.7,4.6,8.9,4891.3,8917,440,1287,365,188,580000,57.5
00BBGB,E05000475,Newham,Beckton,15264,3333,11190,38734,60.3,19.2,11.8,12.5,1.1,11.9,27.9,15.7,17.7,30.3,2420.6,6941,737,3866,3149,448,242000,143
00BBGC,E05000476,Newham,Boleyn,16087,3975,10910,35998,58.2,22.4,11.8,10.8,1.1,9,28.8,16.1,14.4,30.2,17888.9,3498,633,8711,2478,662,214000,92.2
00BBGD,E05000477,Newham,Canning Town North,14903,3411,10346,33158,59.5,25.7,12.3,12.3,1.2,9,23.9,15.6,22.5,37.8,5960,6043,848,3072,4445,402,187500,114.7
00BBGE,E05000478,Newham,Canning Town South,16112,3386,11589,37042,64.4,22.6,10.5,11,1.1,8.4,33.3,13,17.5,38.9,8972.2,7277,899,3275,3897,648,200000,93.1
00BBGF,E05000479,Newham,Custom House,13482,3244,9340,36390,62.8,25.3,11.7,12.8,1.4,9.8,24.2,14.7,19.1,33.6,6428.6,6234,771,2158,3829,419,195000,133
00BBGG,E05000480,Newham,East Ham Central,16058,3577,11350,36770,58,19.3,10.9,10.6,0.9,8.9,32.6,16.9,11.6,26.3,16050,2881,487,10313,1672,564,212000,148.3
00BBGH,E05000481,Newham,East Ham North,14008,3058,9858,36680,56.3,19.9,11.5,11.1,0.8,9.2,31.1,16.5,9.6,29.2,15500,1281,276,10657,1242,410,229500,72.3
00BBGJ,E05000482,Newham,East Ham South,15630,4311,10162,35868,59,24.3,13.8,12.6,1.5,9.6,24.1,14.2,17.5,33.3,8722.2,5023,883,5548,3524,597,190000,82
00BBGK,E05000483,Newham,Forest Gate North,16377,3459,11783,38974,64.7,17.8,10.4,11.4,1,11,33,15.4,13.6,30.7,13666.7,5842,884,4841,4060,630,220000,82.8
00BBGL,E05000484,Newham,Forest Gate South,17542,3402,13006,39188,62.1,17.6,10.3,10.7,1,11.3,32.7,16.4,13.5,27.5,14583.3,5525,787,6945,3414,691,227750,109.3
00BBGM,E05000485,Newham,Green Street East,16078,3575,11593,35796,55.4,20.3,10.8,10.4,0.6,9.5,30,18.4,9.8,28.6,22857.1,1606,381,11890,1651,357,210000,66.6
00BBGN,E05000486,Newham,Green Street West,15305,3210,10968,35338,54.3,21.6,11.1,10.4,0.7,9.4,29.8,17,9.9,28.7,19062.5,1614,381,11074,1664,380,233750,81
00BBGP,E05000487,Newham,Little Ilford,16724,4619,10977,33922,53,23.2,14.2,11.5,0.8,9.5,24.6,16.2,17.6,35.6,8815.8,2990,734,8886,3436,587,181000,77.9
00BBGQ,E05000488,Newham,Manor Park,15447,3626,10729,35866,55.8,20.7,11.9,10.6,0.8,9.9,30.2,15.8,13.9,31.2,11884.6,2833,576,9132,2322,455,210000,75.2
00BBGR,E05000489,Newham,Plaistow North,15578,3667,10814,34988,58.4,23.6,11.1,11.9,1.1,10.4,26.8,15.1,17.5,34.1,15600,4117,795,6474,3526,558,195000,72.8
00BBGS,E05000490,Newham,Plaistow South,16500,4104,11310,36180,61.8,21.8,12.9,12,1.3,9.7,26.2,16.1,14.5,32.7,11821.4,5369,763,5836,3821,615,192000,101.1
00BBGT,E05000491,Newham,Royal Docks,10778,2258,8085,43948,71.9,14.1,8.6,10,1.1,10.8,42.7,12.8,14,32.3,2250,4903,631,2183,2597,365,242000,100.6
00BBGU,E05000492,Newham,Stratford and New Town,17999,2795,14211,40566,68.9,13.9,8.9,9.5,0.8,10.9,40.6,15.4,14,32.6,4261.9,7241,984,5035,3789,719,228000,205.4
00BBGW,E05000493,Newham,Wall End,14930,3768,10194,36754,57.1,19.6,12.6,11,0.9,9.2,29.6,17.1,13.1,29.6,10678.6,2637,469,9442,1702,596,220000,60.7
00BBGX,E05000494,Newham,West Ham,15658,3371,11196,36722,63.1,20.9,11.3,11.9,1.2,9.6,29.8,15.3,15.8,35.1,12076.9,5361,1026,4557,4038,569,233000,71.6
00BCFY,E05000495,Redbridge,Aldborough,14672,3370,9498,44598,67.4,19.6,12.6,13.4,1.6,10.6,32,10.1,8.8,19.4,1709.3,5628,574,6714,1229,399,250000,94.6
00BCFZ,E05000496,Redbridge,Barkingside,12675,2550,8239,47606,67.3,17.2,11.7,13.5,1.7,10.4,35.2,10.4,5.3,15.1,8466.7,4509,437,6544,753,366,282500,63
00BCGA,E05000497,Redbridge,Bridge,11703,2332,7792,47156,73.2,19.9,14.4,14.4,2.9,11.3,29.9,7.3,8.7,20.2,4519.2,8380,619,1628,870,161,275000,63.6
00BCGB,E05000498,Redbridge,Chadwell,14397,3555,9379,43838,68.4,18.5,14.7,15,2.3,12,28.5,8.9,10.2,26.5,9600,6145,799,4646,2365,302,230000,62
00BCGC,E05000499,Redbridge,Church End,11616,2137,8112,55444,79.3,12.3,10.3,12.9,1.8,10.6,46.3,5.7,5.5,11.2,7766.7,8461,605,1753,515,182,270000,83.2
00BCGD,E05000500,Redbridge,Clayhall,13306,2897,8491,50110,67.8,17,11.8,13.8,1.7,10.9,34,10.7,4.3,12.1,5340,3839,338,8096,626,342,326750,62.9
00BCGE,E05000501,Redbridge,Clementswood,14891,3973,9818,35990,56.5,18.6,11.3,10.9,1,9.5,32.4,16.4,12.2,34.8,11384.6,2311,475,9717,1596,567,224995,174.1
00BCGF,E05000502,Redbridge,Cranbrook,12863,2633,8591,45956,62.8,17.6,10.6,12,1.1,9.8,37.2,11.8,6.9,18.7,5375,3144,384,7825,1035,392,325000,82.3
00BCGG,E05000503,Redbridge,Fairlop,12707,2667,8373,44850,70.8,21.2,15.6,15.8,2.5,11.1,25.5,8.4,9,20.1,3541.7,8217,465,2843,842,263,249995,81.3
00BCGH,E05000504,Redbridge,Fullwell,12972,2785,8151,42584,66.7,23.4,13.7,15,2.1,10.6,26.5,8.8,10.2,25.5,5909.1,6648,519,4199,1158,386,270000,72.4
00BCGJ,E05000505,Redbridge,Goodmayes,13257,3186,9012,40336,61,18.1,12.7,12.8,1.2,10.4,31.4,13.5,10.6,28.8,8250,3237,498,7350,1436,548,233000,84.5
00BCGK,E05000506,Redbridge,Hainault,12974,2982,8152,37470,65.1,28.9,15.9,15,2.3,9.5,20.4,8,15.2,30.5,2330.4,9092,678,1780,1216,187,211000,84.1
00BCGL,E05000507,Redbridge,Loxford,16803,4890,10674,34244,53.5,20.1,12.8,11.3,0.9,9,31.1,14.7,16.9,39.2,12846.2,2738,606,9917,2621,662,220000,105.4
00BCGM,E05000508,Redbridge,Mayfield,13834,3354,8868,42596,63.5,20.5,12.4,13.4,1.5,10.4,29.9,11.9,7.3,23.3,7263.2,3652,459,7916,1255,390,260000,70.9
00BCGN,E05000509,Redbridge,Monkhams,10405,1769,6491,60332,76.2,15,11,14.2,2,10.8,41.6,5.5,3.2,5.7,3387.1,8219,353,1405,312,133,398500,56.3
00BCGP,E05000510,Redbridge,Newbury,16989,4314,11130,42418,63.2,17.4,11.7,13.5,1.2,10.8,33.4,12,9.8,23.9,8047.6,3814,652,10092,1647,555,250000,67.1
00BCGQ,E05000511,Redbridge,Roding,12149,2762,8118,49388,73.8,15.9,12.5,13.2,2.4,11,37,7.9,8.7,20.6,5282.6,7564,700,2232,1263,285,302000,66
00BCGR,E05000512,Redbridge,Seven Kings,15381,3732,10250,41212,60.1,18.4,11.7,12.3,1.4,10,31.7,14.5,9.9,26.1,7285.7,3527,615,8766,1663,593,250000,88.2
00BCGS,E05000513,Redbridge,Snaresbrook,11933,1854,8000,55040,78.1,14.9,8.4,10.3,1.7,8,50.1,6.7,6.8,10.1,5975,8282,529,2370,495,189,262500,66.1
00BCGT,E05000514,Redbridge,Valentines,14312,3451,9625,41498,60.6,16.6,11.1,11.7,1.1,9.7,36.9,13,13,24.8,9500,3163,518,8786,1209,447,242750,133.8
00BCGU,E05000515,Redbridge,Wanstead,11556,2242,7623,56628,74.5,15.2,10,12.1,1.7,9.6,45.3,6.2,6.9,10.2,2240.4,8076,633,1924,739,171,410000,90
00BDFW,E05000516,Richmond upon Thames,Barnes,10313,2092,6703,77712,72.3,9.1,5.7,9.7,0.9,9.3,57.5,7.9,7,9.2,3450,8828,376,660,158,277,867500,62.3
00BDFX,E05000517,Richmond upon Thames,East Sheen,10393,2382,6565,78786,78.2,6.6,5.5,10,1,9.5,61.6,5.8,4.2,4.7,1793.1,9387,327,416,72,146,705000,59.7
00BDFY,E05000518,Richmond upon Thames,Fulwell and Hampton Hill,10152,2145,6725,66320,79.6,10.8,7.1,11.6,1.8,11.2,52.8,4.6,5.2,7.1,5342.1,9129,318,474,108,102,405000,39.7
00BDFZ,E05000519,Richmond upon Thames,"Ham, Petersham & Richmond Riverside",10334,1978,6621,59854,73.4,14.1,8.5,11.6,1.9,9.6,46,8.3,7.8,15.8,1101.1,8678,393,760,218,268,383500,64.8
00BDGA,E05000520,Richmond upon Thames,Hampton,9985,1938,6469,63092,77.2,12.5,9.5,12.8,1.9,10.8,47.2,5.4,6.4,10,1449.3,8856,301,633,104,91,390000,58.6
00BDGB,E05000521,Richmond upon Thames,Hampton North,9397,1804,6085,51864,73.5,17.6,11.4,14.2,2.5,11.5,36.3,6.4,11.1,21,4947.4,7858,339,846,216,128,286250,67.7
00BDGC,E05000522,Richmond upon Thames,Hampton Wick,10217,2087,6756,63374,73.1,10,6.6,10.8,1.3,11.7,53.6,6,7.6,9.6,3796.3,9054,347,515,160,145,387500,57.8
00BDGD,E05000523,Richmond upon Thames,Heathfield,10348,2077,6738,48374,70.8,20.4,12.9,13.9,3.1,11.7,29.8,8.2,9.7,22.6,5447.4,7174,381,2174,387,197,300000,59.6
00BDGE,E05000524,Richmond upon Thames,Kew,11468,2320,7543,72382,77.1,7.5,5.6,8.7,1,8.9,62,6.3,5.3,8.7,3180.6,9687,437,928,156,228,500000,62.4
00BDGF,E05000525,Richmond upon Thames,Mortlake and Barnes Common,10964,2191,7455,68570,77.9,9.8,6.9,9,1,9.7,57.6,6.1,8.1,11.2,5763.2,9643,452,466,160,198,545000,59.5
00BDGG,E05000526,Richmond upon Thames,North Richmond,10700,2005,7288,69664,78.4,10.2,5.9,8.5,1.3,8.5,59,6.7,7.8,10.5,3803.6,8981,463,827,189,189,535000,72.3
00BDGH,E05000527,Richmond upon Thames,St. Margarets & North Twickenham,11219,2450,7701,73268,80.8,6.6,5.8,9.1,1.2,9.9,62.6,4.8,3.4,5.5,5600,9796,419,689,105,163,471750,55.8
00BDGJ,E05000528,Richmond upon Thames,South Richmond,10863,1798,7536,72914,76,7.1,5,7.3,0.9,8.9,63.6,7.3,6.3,6.4,4018.5,9399,436,647,108,230,487250,126.2
00BDGK,E05000529,Richmond upon Thames,South Twickenham,10027,1849,7128,70718,76.8,6.4,6,10.3,1.1,16.4,55.3,4.5,4,3.7,5911.8,9021,335,419,99,113,389000,41.8
00BDGL,E05000530,Richmond upon Thames,Teddington,10345,1972,6955,69468,79.9,7.7,6.4,10.6,1.2,11.6,58.5,4,5,5.8,2407,9412,315,421,85,97,383750,59
00BDGM,E05000531,Richmond upon Thames,Twickenham Riverside,10450,1812,7344,70754,80.7,6.2,4.9,8.1,0.8,9.7,63.8,6.6,4.6,5.9,5200,9323,342,534,97,100,450000,75.8
00BDGN,E05000532,Richmond upon Thames,West Twickenham,10573,2317,7015,60334,79.5,13.4,9.5,12.4,2.3,11.3,45.1,6.1,5.9,9.7,4220,8844,434,895,186,169,340000,49
00BDGP,E05000533,Richmond upon Thames,Whitton,9779,1891,6292,56022,76.5,17,10.9,13.8,3,11.5,36.9,7,6.2,12.1,6125,7655,365,1303,208,221,315750,57.9
00BEGC,E05000534,Southwark,Brunswick Park,13200,2578,9675,45360,66.8,15.2,9.7,11.3,1,11.6,41.5,9.7,17.7,30.3,14666.7,6157,833,1020,4632,532,340000,101.2
00BEGD,E05000535,Southwark,Camberwell Green,15058,3173,10766,39732,64.6,19.3,11.3,11.6,1.2,10.5,34.3,11.7,23.7,32.7,15050,5843,952,1215,6374,648,226000,121.3
00BEGE,E05000536,Southwark,Cathedrals,15025,1604,12310,50796,62.9,12.7,8,9.1,0.8,15.2,45.8,8.5,15.3,33.2,8305.6,9203,860,2101,2386,391,437500,238.6
00BEGF,E05000537,Southwark,Chaucer,15275,2254,12221,47406,66.4,11.3,7.3,8.3,0.8,14.5,48.8,9,13.2,35.1,19000,7597,888,2606,3483,604,302000,135.5
00BEGG,E05000538,Southwark,College,11810,2429,8001,53872,71.1,13.6,8.8,11.3,1.1,9.2,48.7,7.3,13.7,27.2,3703.1,7483,740,914,2446,229,266500,92.1
00BEGH,E05000539,Southwark,East Dulwich,12330,2207,9046,62438,79.2,12.3,7.2,8.3,1.2,8.8,56.5,5.8,9.4,13.3,12350,8851,752,680,1845,193,410000,66.4
00BEGJ,E05000540,Southwark,East Walworth,11601,2146,8485,38846,62.5,20.8,10.5,10.3,1.2,13.1,32.4,11.7,21.2,34.1,10500,5566,778,1185,3523,505,216000,192.2
00BEGK,E05000541,Southwark,Faraday,12854,2974,8973,38384,62.3,21.8,13,12.8,1.2,10.3,28.6,12.2,23.1,35.1,14277.8,5052,825,1236,5173,553,211000,118.8
00BEGL,E05000542,Southwark,Grange,15463,2181,12272,48158,69.1,15.7,8.2,8.3,1,12,46.3,8.5,16.4,35.7,12833.3,9360,930,1621,2895,556,320000,124.5
00BEGM,E05000543,Southwark,Livesey,14096,3267,9543,36272,60.3,23.8,12.3,13.1,1,10.6,27.9,11.2,25.4,43,10107.1,5346,930,999,6229,625,210000,127.7
00BEGN,E05000544,Southwark,Newington,14214,2474,10525,42588,66.3,19.4,9.7,10.6,1.4,11.1,37.5,10.4,21.1,33.8,17687.5,7318,925,1265,4054,574,307000,113.5
00BEGP,E05000545,Southwark,Nunhead,13613,2663,9739,41740,65,21.1,11.3,12.2,1.3,9.9,34.8,9.4,22.7,34,10500,6059,1029,815,5315,402,250000,88.4
00BEGQ,E05000546,Southwark,Peckham,14696,3508,10268,37656,61.2,19.6,12.7,13.4,1.2,11.2,30.6,11.3,23.2,35.5,16388.9,4295,1045,1341,7413,626,190000,111.2
00BEGR,E05000547,Southwark,Peckham Rye,13464,2745,9635,54098,74.9,13.8,8.8,10.3,1.2,9.5,49.7,6.8,13.5,21.7,5891.3,8673,843,643,3137,222,300000,61.6
00BEGS,E05000548,Southwark,Riverside,14445,1811,11698,54718,74.9,13.5,7.1,7.4,0.9,7.1,54.9,9.1,12.5,34.4,11076.9,9898,704,1392,1942,454,445000,147.9
00BEGT,E05000549,Southwark,Rotherhithe,13783,2375,10400,46416,69.3,17.5,9.2,9.3,1.1,9,43,10.8,16.7,35.5,9166.7,8122,711,1985,2436,489,342694,108.8
00BEGU,E05000550,Southwark,South Bermondsey,13806,2829,9981,39026,64.8,21.9,12.3,11.9,1.3,9.9,30.9,11.8,20.1,35.1,13800,7609,813,1201,3557,600,215000,103.8
00BEGW,E05000551,Southwark,South Camberwell,12653,2498,9255,51786,70.7,12.4,8.8,10.3,1.1,10.6,49,7.7,13.3,26.6,9730.8,7061,850,1033,3293,392,285000,71.8
00BEGX,E05000552,Southwark,Surrey Docks,13492,1673,11042,58240,77.7,11.8,7,7.3,1.1,8.1,56,8.7,9.3,23.6,7105.3,9283,646,1976,1213,317,310000,82.5
00BEGY,E05000553,Southwark,The Lane,15527,3079,11037,47384,68.9,17.5,9.8,10.9,1.3,9.7,42,8.8,18.9,31.2,11142.9,7668,1008,1226,5244,419,320500,142.6
00BEGZ,E05000554,Southwark,Village,12312,2898,8055,78020,77.2,9.4,5.4,8.4,0.9,8.2,63.7,4.1,6.4,8.1,4446.4,9905,716,738,921,122,650000,79.9
00BFGC,E05000555,Sutton,Beddington North,10338,2137,6812,46824,77.2,19.8,15.6,18,3.5,12.5,25.1,5.6,5.5,12.1,2070,7885,357,1153,816,98,240000,65.8
00BFGD,E05000556,Sutton,Beddington South,10706,2336,6864,42258,69.1,21,14.9,17,2.7,11.3,26.7,6.4,13.6,30.9,3451.6,7593,487,1673,785,129,345000,63.6
00BFGE,E05000557,Sutton,Belmont,10094,1806,6603,53462,76.2,13.7,11.2,15.7,2.5,10.8,40.4,5.8,7.1,11.3,4391.3,7820,358,1333,404,133,260000,30.2
00BFGF,E05000558,Sutton,Carshalton Central,10064,1899,6767,50646,78.6,15.4,13.4,15.8,2.8,12.1,35.7,4.8,5.7,12.8,5050,8666,380,615,295,83,249000,60.6
00BFGG,E05000559,Sutton,Carshalton South and Clockhouse,9742,2046,6190,53594,76.5,15.5,13,17,3.3,12.5,34.8,4,4.6,11.8,1373.2,8096,297,846,400,76,340000,38.8
00BFGH,E05000560,Sutton,Cheam,10304,2037,6231,56264,76.4,14.6,11.5,15.5,2.8,11.3,38.6,5.7,2.8,6.9,2653.8,8108,333,1511,216,117,375000,44.3
00BFGJ,E05000561,Sutton,Nonsuch,10668,1974,6840,51264,79.1,18.6,14.7,17.2,3.6,12.9,27.1,5.9,3.2,7.7,5631.6,9011,267,1082,156,125,310000,50.2
00BFGK,E05000562,Sutton,St. Helier,12060,2925,7851,36410,69.6,27.3,16.9,16.3,2.3,11.3,17.7,8.2,17.4,28.1,8000,8898,487,1529,853,182,191375,68.9
00BFGL,E05000563,Sutton,Stonecot,10722,2199,6950,46730,77.9,20.5,17,17,3.8,12.9,22.5,6.3,3.5,9.6,5375,8469,289,1484,357,113,260000,52.4
00BFGM,E05000564,Sutton,Sutton Central,11104,2094,7732,42180,75.6,18.6,13.7,15.2,2.1,11.1,31.2,8.1,15.4,21.7,8500,8348,448,1355,666,176,192500,184
00BFGN,E05000565,Sutton,Sutton North,10391,2091,6574,45204,75.6,21.6,14.6,16.4,3,11.7,25.7,7.1,6.9,15.6,5473.7,8085,410,1257,493,110,235000,48.2
00BFGP,E05000566,Sutton,Sutton South,9671,1459,6540,48392,78.1,15.7,9.9,12.3,2,10.8,41.6,7.8,10.6,14.9,7423.1,7254,376,1293,412,264,199950,42.8
00BFGQ,E05000567,Sutton,Sutton West,10606,1913,7210,49962,79.3,13.5,12.6,14.2,2.6,11.1,38.6,7.3,5.7,10.3,5888.9,8116,405,1493,363,159,212250,39.2
00BFGR,E05000568,Sutton,The Wrythe,10204,1984,6842,43460,77.5,22.2,16.1,17.3,3.3,12.1,23.2,5.9,7.8,15.9,6800,8443,371,718,540,91,226000,58.7
00BFGS,E05000569,Sutton,Wallington North,10701,2129,7201,46030,76.8,16.4,14.9,17.3,3.1,12.3,30.3,5.7,8.7,14.6,6687.5,8562,450,1005,528,105,194995,58
00BFGT,E05000570,Sutton,Wallington South,10234,1868,6604,45008,74.2,18.7,13.2,15.6,3,12.2,32,5.3,10.7,18.1,6029.4,8028,440,1073,563,96,219750,69.9
00BFGU,E05000571,Sutton,Wandle Valley,11738,2809,7860,38018,72,23.7,17.6,15.9,2.4,12.2,21.5,6.7,16.2,28.3,5571.4,8743,550,1162,1043,132,186025,66.5
00BFGW,E05000572,Sutton,Worcester Park,11776,2468,7736,48518,78.9,17.2,14,15.5,3.2,12.4,30.8,6.9,5.4,14,5875,9324,429,1453,230,219,260950,41.8
00BGFW,E05000573,Tower Hamlets,Bethnal Green North,13790,2544,10279,45530,64.6,22.1,8.6,9.1,0.8,9.6,40.2,9.6,19.7,45.6,17250,6920,627,4865,918,353,275000,115.6
00BGFX,E05000574,Tower Hamlets,Bethnal Green South,14300,2793,10762,41652,55.9,21.4,10.5,9.6,0.8,11,35.5,11.3,19.5,46,15833.3,5054,512,7360,960,280,245000,143.9
00BGFY,E05000575,Tower Hamlets,Blackwall and Cubitt Town,19600,3487,15185,55272,70.8,14.6,7.6,7.5,1,8.5,50.8,10,13.2,39.7,6550,9643,894,7031,1390,503,333000,75.6
00BGFZ,E05000576,Tower Hamlets,Bow East,14907,2605,11223,46514,68.9,21.4,8.5,9.1,1,10.5,42,7.5,19.2,48.3,7842.1,8889,808,3376,1414,294,240875,94.9
00BGGA,E05000577,Tower Hamlets,Bow West,13013,2508,9505,51802,66.3,20.3,8.4,8.5,1,10.3,43.6,7.8,17.3,34.3,10038.5,7668,632,3486,937,216,289000,126.9
00BGGB,E05000578,Tower Hamlets,Bromley-by-Bow,14565,3860,9864,40234,55.1,25.5,12.1,11.1,1.1,11.4,27.9,10.9,24.9,46.5,13272.7,4285,567,7545,1731,352,240000,79.1
00BGGC,E05000579,Tower Hamlets,East India and Lansbury,14918,4096,9786,37924,52.9,30.7,14.3,11.1,1.3,9.2,23.4,10,29.5,48.8,12458.3,5401,598,6815,1734,311,233750,95.5
00BGGD,E05000580,Tower Hamlets,Limehouse,16082,3566,11524,45922,64,21.9,10.6,9.1,1.2,8.5,37.4,11.3,19.7,43.7,14636.4,6898,628,6853,1294,313,275000,79.3
00BGGE,E05000581,Tower Hamlets,Mile End and Globe Town,15316,2896,11424,43262,55.4,19.5,9.5,8.3,0.8,16.3,34.2,11.4,16.3,45.3,16944.4,7204,624,6001,993,368,249999,95.1
00BGGF,E05000582,Tower Hamlets,Mile End East,13455,3190,9500,41134,56.1,23.3,11.3,9.8,1,11.7,31.9,11,22.1,46.1,12227.3,4543,476,6689,1385,261,237000,109.2
00BGGG,E05000583,Tower Hamlets,Millwall,23321,3663,18838,60460,73.6,11.4,6.8,6.4,0.8,7.8,57.2,9.7,10.5,38.3,9320,12088,1008,8008,1301,679,340000,81.3
00BGGH,E05000584,Tower Hamlets,St. Dunstan's and Stepney Green,16324,3841,11116,41498,55.4,26.9,11.1,10.5,1,11.1,29.9,9.5,22.4,44.1,16350,5650,622,8556,1054,356,272000,80.4
00BGGJ,E05000585,Tower Hamlets,St. Katherine's and Wapping,12488,1726,9993,65634,76.5,12.3,6.7,6.7,0.7,7.7,57.8,8.1,10.7,31.2,8366.7,7746,475,3553,401,236,379250,95.4
00BGGK,E05000586,Tower Hamlets,Shadwell,15216,3389,10864,45884,60.7,21.3,10.2,9.8,0.7,9.8,37.7,10.5,19,47.2,15250,5372,492,7841,1087,318,320000,79.4
00BGGL,E05000587,Tower Hamlets,Spitalfields and Banglatown,10403,1421,8404,50136,60.9,17.2,8.2,7.4,0.6,11,44.4,11.2,15.6,37.3,17250,4656,329,4615,460,226,380000,287.8
00BGGM,E05000588,Tower Hamlets,Weavers,13284,2306,10054,47336,67,20.6,8.1,8.3,0.8,8.7,43.9,9.7,19,45.6,16625,6883,597,4517,913,296,326500,193.6
00BGGN,E05000589,Tower Hamlets,Whitechapel,15030,2476,11717,47268,65,17.1,7.9,7.5,0.7,10.8,45,11,15.1,41.3,16611.1,5919,471,7390,657,425,310000,134.8
00BHFX,E05000590,Waltham Forest,Cann Hall,13917,3009,9915,37708,63.8,19.2,11.6,12.4,1.7,10.2,30.5,14.4,16.3,31.4,15444.4,5933,851,2884,3606,525,215000,77
00BHFY,E05000591,Waltham Forest,Cathall,12827,2729,9225,35750,62.7,19.3,11.5,12.3,1,9.9,28.6,17.4,18.2,34.7,11590.9,4948,704,3227,3201,620,232500,77.9
00BHFZ,E05000592,Waltham Forest,Chapel End,14168,3411,9613,42198,68.9,18.7,12.7,14.5,1.7,10,29.3,13,11.3,25.6,7861.1,7257,931,2638,2680,580,239250,86.6
00BHGA,E05000593,Waltham Forest,Chingford Green,10272,1815,6222,45740,73.4,24.2,14.2,15.4,2.9,11.1,27.1,5.2,8.8,21.7,2797.3,8773,408,428,535,143,273748,72.7
00BHGB,E05000594,Waltham Forest,Endlebury,10750,1983,6931,44962,70.4,23.5,14.6,16.1,3.2,11.7,24.7,6.1,8.5,22.9,5400,8325,459,811,883,252,286500,56
00BHGC,E05000595,Waltham Forest,Forest,12706,2476,9050,41768,65.2,19.3,10.8,11.7,1.5,9.5,33.3,13.9,10.6,20.4,6350,5203,512,4414,1929,551,250000,111.3
00BHGD,E05000596,Waltham Forest,Grove Green,14759,2810,10897,41952,70.3,15.7,10.4,11.2,1.4,10,34.8,16.6,9.7,21.1,16333.3,6841,768,3936,2316,743,212000,59.7
00BHGE,E05000597,Waltham Forest,Hale End and Highams Park,11377,2574,7485,45972,71.1,20,14.3,15.4,2.8,10.7,28.9,7.8,10,24.3,4956.5,7598,663,1360,1427,307,275500,71.5
00BHGF,E05000598,Waltham Forest,Hatch Lane,11062,2241,7041,41724,69.9,26.2,14.7,15.2,2.9,11,24.1,5.9,13,27,4645.8,8599,505,740,958,256,242500,74.4
00BHGG,E05000599,Waltham Forest,High Street,14256,2803,10366,40236,69.4,18.3,10,10,1.3,9,35.7,15.8,14,26.6,4580.6,6960,660,3590,2092,825,217250,193
00BHGH,E05000600,Waltham Forest,Higham Hill,13278,3237,9019,36114,62.6,23.7,13.5,13.8,1.3,9.8,24.7,13.2,18.6,35.7,4140.6,6348,733,2628,2928,557,191375,77.1
00BHGJ,E05000601,Waltham Forest,Hoe Street,14000,2965,9815,40222,66.1,19,10.9,10,1,9.3,36.4,13.4,18.5,28.2,12727.3,6968,911,3178,2270,585,250000,104.3
00BHGK,E05000602,Waltham Forest,Larkswood,11354,2269,7346,40830,69.6,26.2,16.3,14.7,2.8,10.8,21.6,7.5,11.1,26.8,5428.6,7805,590,1190,1383,369,250000,87.7
00BHGL,E05000603,Waltham Forest,Lea Bridge,15771,3773,10690,36370,62.8,23,11.9,12.6,1.1,9.2,26.6,15.6,16,29.3,6057.7,5524,819,4748,3767,813,201500,112.4
00BHGM,E05000604,Waltham Forest,Leyton,14285,3434,9787,35804,61.5,21.1,12,12.7,1.1,9.9,28.5,14.6,20,36.4,7125,5176,722,3730,3861,695,198000,109.3
00BHGN,E05000605,Waltham Forest,Leytonstone,12993,2132,9884,44940,70.3,15.1,9,11,1.2,10,40.8,12.8,10.3,22.5,9961.5,6751,709,3178,1708,533,249998,105.8
00BHGP,E05000606,Waltham Forest,Markhouse,13714,3177,9453,38908,64.2,20.8,11.5,10.9,1,9.7,30.9,15.2,15.3,30.9,9133.3,5705,688,4251,2324,668,220000,89.3
00BHGQ,E05000607,Waltham Forest,Valley,11469,2400,7524,39658,68.1,26.1,16.2,15.2,2.8,11,20.2,8.6,10.9,29.3,5750,7055,613,1427,1980,369,205500,136.9
00BHGR,E05000608,Waltham Forest,William Morris,13355,3000,9279,40538,68.1,20.4,10.8,10.9,1.1,9.1,33.6,14.1,14.8,32.9,13350,6400,748,3354,2190,577,218000,74.6
00BHGS,E05000609,Waltham Forest,Wood Street,13429,3151,9041,40468,66.2,20.8,11.9,11.4,1.6,9.7,33,11.8,17.5,29,7472.2,6630,772,2677,2753,536,250000,84.5
00BJFZ,E05000610,Wandsworth,Balham,14831,2339,11327,73832,83,7.1,4.4,6.3,0.8,8,67.6,5.9,6.1,8.2,12333.3,11890,540,1257,908,156,500000,91.8
00BJGA,E05000611,Wandsworth,Bedford,14677,2159,11414,62440,80,9.1,5.6,7.6,0.8,8.8,61.1,6.9,10.3,18,8111.1,10550,738,1651,1427,209,334500,65.4
00BJGB,E05000612,Wandsworth,Earlsfield,15516,2359,12101,59208,79,11.9,6.8,8.2,0.9,10.8,53.8,7.6,9.3,22.9,11071.4,11165,691,1721,1597,274,370000,70.4
00BJGC,E05000613,Wandsworth,East Putney,15094,2019,11402,66748,81.7,7.9,4.8,6.9,0.9,7.7,62.9,8.8,6.8,14.7,9437.5,11924,644,1480,592,382,390000,49.9
00BJGD,E05000614,Wandsworth,Fairfield,14673,1879,11808,66110,83.9,8.5,5,7.7,0.7,8.1,62.8,7.2,8.2,16.8,9766.7,11389,662,1121,1188,253,390000,96.2
00BJGE,E05000615,Wandsworth,Furzedown,15511,3387,10588,50180,70.6,15.5,9.2,10.9,1.3,11,41,11,14.4,26.7,11071.4,8819,1006,2551,2836,292,261000,53.1
00BJGF,E05000616,Wandsworth,Graveney,15254,2734,11179,49880,72.6,14.7,8,9.1,1,10.2,44.9,12.1,14.3,28.2,15250,8144,879,3645,2207,323,267000,102.7
00BJGG,E05000617,Wandsworth,Latchmere,15383,2892,11171,45522,70.6,17.9,9.4,10.4,1.1,9.7,40.7,10.9,21.5,39.6,14000,8523,1043,1352,4020,420,290000,82.5
00BJGH,E05000618,Wandsworth,Nightingale,14726,2423,10928,69464,81.3,8.9,5.3,6.9,0.8,8.9,63,6.3,7.5,11.3,12291.7,11545,647,1168,1130,189,400500,66.5
00BJGJ,E05000619,Wandsworth,Northcote,14940,2861,11160,78124,83.9,6.7,3.9,5.9,0.8,7.8,68.7,6.2,5.3,5.5,8823.5,12721,603,652,828,136,540000,111.7
00BJGK,E05000620,Wandsworth,Queenstown,16405,2326,12793,52214,75.4,11.9,8.1,8.6,1.1,9.2,50,11,14.3,35.2,5109.4,10497,1017,1326,2873,618,413250,91.1
00BJGL,E05000621,Wandsworth,Roehampton,16174,2961,11516,39574,59.8,18.2,9.2,11.2,1.2,19.9,27.3,13,19.9,37.7,3659.1,10563,1048,1805,2186,530,249000,79.9
00BJGM,E05000622,Wandsworth,St. Mary's Park,16596,2331,12538,59842,77.4,11.4,6.2,8.3,0.9,10.9,52.1,10.3,10.3,25.6,11857.1,11889,866,1189,2106,506,475000,76.6
00BJGN,E05000623,Wandsworth,Shaftesbury,14235,1833,11302,68914,83,10.9,5.2,7.1,0.9,7.9,61.7,6.2,9.2,16.2,15777.8,11505,646,658,1137,214,480000,84.9
00BJGP,E05000624,Wandsworth,Southfields,16259,3026,11966,65250,80.9,10.1,5.9,8.2,0.9,8.9,57.6,8.5,8.5,15.3,10866.7,12288,692,1797,1229,250,412250,75.6
00BJGQ,E05000625,Wandsworth,Thamesfield,14842,2272,11248,77526,83.4,6.3,3.6,6.7,0.9,7.7,68.6,6.3,4.2,7.2,7842.1,13015,488,818,340,181,525000,110.2
00BJGR,E05000626,Wandsworth,Tooting,16308,2900,11926,47360,67.7,14.4,8.4,9.2,0.9,12.9,42.5,11.8,13.7,33.1,10156.3,7676,836,4704,2537,486,323850,91.6
00BJGS,E05000627,Wandsworth,Wandsworth Common,15214,2869,11106,70368,71,11,7.8,9.6,1.3,9.9,53.9,6.4,5.8,7.1,5464.3,12539,618,884,1065,141,450000,60
00BJGT,E05000628,Wandsworth,West Hill,16401,3080,11770,53196,73.1,14.3,8.1,9.1,1.2,10.1,45.1,12,13.1,28,9676.5,11201,847,2410,1440,504,275000,43.5
00BJGU,E05000629,Wandsworth,West Putney,14671,2597,10141,57648,72.6,14.5,7,9.4,1.1,10,48.7,9.3,11.6,22.3,8194.4,11373,730,1149,1110,380,374000,52
00BKGA,E05000630,Westminster,Abbey Road,11263,1968,7724,87494,67.9,10,5.8,6.8,0.6,7.7,56.6,12.5,9.1,19,10227.3,7271,390,2030,380,1179,685000,54.3
00BKGB,E05000631,Westminster,Bayswater,10306,1240,8064,82916,73.9,7.5,4.9,6.2,0.6,7.8,61.3,11.7,12.9,20.9,20600,7096,587,1221,508,888,550000,107.3
00BKGC,E05000632,Westminster,Bryanston and Dorset Square,12033,1312,9436,85944,66.6,8.2,4.6,6.1,0.6,8.6,58,13.9,9.8,26.7,17142.9,7525,586,1906,441,1533,675000,247.8
00BKGD,E05000633,Westminster,Churchill,9620,1936,6449,63204,63.4,19.1,9.6,10.3,1.2,9.4,38.4,12.1,20.1,46.6,16083.3,5826,513,1377,943,959,641000,111.6
00BKGE,E05000634,Westminster,Church Street,11734,2697,7690,43308,48.7,28.1,10.2,10.4,1.1,9.1,26.4,14.8,29.6,52.7,29375,4503,717,2608,1599,2333,390000,103.4
00BKGF,E05000635,Westminster,Harrow Road,12017,2266,8718,56356,63.4,18.4,9.3,9.8,0.9,9.3,39.5,12.7,24.1,45.6,24100,6138,853,1493,1987,1563,350000,82.2
00BKGG,E05000636,Westminster,Hyde Park,12483,1613,9612,77386,62.4,11.1,5.1,5.9,0.7,9.2,54.7,13.4,13.8,33.1,12450,6889,630,2085,543,2315,630000,172.9
00BKGH,E05000637,Westminster,Knightsbridge and Belgravia,9346,1071,7038,167802,56.5,5.7,3.9,7.6,0.4,19.4,47.8,15.2,2,2.7,2583.3,6448,391,1381,222,828,1750000,229.7
00BKGJ,E05000638,Westminster,Lancaster Gate,13230,1570,10543,81788,71.2,7.1,4,5.8,0.6,7.5,60.8,14.2,11.6,25.2,22000,8743,794,1735,546,1377,699000,184.7
00BKGK,E05000639,Westminster,Little Venice,10599,1824,7724,81164,69.4,11.5,5.5,7.1,0.7,7.4,56.5,11.2,13.1,30.1,17750,6845,523,1249,598,1418,650000,90.8
00BKGL,E05000640,Westminster,Maida Vale,10205,1837,7429,75106,70.4,13.2,7.2,7.5,0.6,8.6,52.2,10.6,16.8,38.6,17000,6371,527,1196,724,1392,550000,82.9
00BKGM,E05000641,Westminster,Marylebone High Street,10375,904,8238,99650,71.4,5.8,4.2,6.1,0.4,9.2,61.5,12.8,5.7,15.4,10350,7483,473,1365,321,724,680000,394.5
00BKGN,E05000642,Westminster,Queen's Park,12516,2706,8621,51726,59,22.6,11.9,11.8,1.1,9.6,30.3,12.7,25.1,46.8,20916.7,5951,925,1699,2574,1414,390014,79.9
00BKGP,E05000643,Westminster,Regent's Park,12065,1875,8232,76796,62.4,13,5.8,7.2,0.6,7.6,52.2,13.6,13.5,30.8,5260.9,6796,551,2547,584,1589,540000,83.6
00BKGQ,E05000644,Westminster,St. James's,10964,952,8812,87734,67.7,10.7,7,8.5,1,10.4,49.9,12.4,13.1,18.3,3085.7,7711,458,1616,541,502,690000,1565.9
00BKGR,E05000645,Westminster,Tachbrook,8182,893,6018,77962,75.2,12.5,6.1,7.6,0.9,8,55.1,9.9,12.3,24.5,20375,6376,272,754,433,323,515000,59.9
00BKGS,E05000646,Westminster,Vincent Square,9992,1456,7260,76258,69,11.7,7,8.1,0.9,8.8,53.1,10.4,14.3,32.3,14285.7,7059,459,1252,721,497,600000,102.2
00BKGT,E05000647,Westminster,Warwick,9382,1024,7286,83714,73.8,9.4,5.8,7.1,1,8.5,58.5,9.7,12.6,27.7,15666.7,7122,366,931,493,457,590000,161.2
00BKGU,E05000648,Westminster,Westbourne,12712,2776,8743,52248,59,22.4,9.4,9.6,0.8,8.9,35.7,13.1,26,50.2,18214.3,6024,848,1805,1877,2205,415000,90.8
00BKGW,E05000649,Westminster,West End,10558,850,8552,92652,71.3,9.6,5.5,6.8,0.6,9.5,54.6,13.4,10.4,17.9,5300,7153,532,1612,437,841,950000,1971.4
#1,E12000007,,London,8204407,1629861,5664416,50152,69.2,17.6,10.7,11.8,1.6,10.5,37.7,10,12.9,26.5,5144.8,4887435,405279,1511546,1088640,281041,292000,99.3
#2,E92000001,,England,53107169,10030130,34347372,38428.44444,71.1,22.5,13.3,15.2,3.6,12.4,27.4,5.7,10,20.6,407.7,45281142,1192879,4143403,1846614,548418,179995,n/a
#3,K04000001,,England and Wales,56170927,10585971,36288896,37797.6,71,22.7,13.3,15.3,3.6,12.3,27.2,5.7,10,20.7,371.9,48209395,1224400,4213531,1864890,563696,175500,72.2
